-- MySQL dump 10.13  Distrib 5.7.9, for Win64 (x86_64)
--
-- Host: localhost    Database: facturador
-- ------------------------------------------------------
-- Server version	5.7.13-log

/*!40101 SET @OLD_CHARACTER_SET_CLIENT=@@CHARACTER_SET_CLIENT */;
/*!40101 SET @OLD_CHARACTER_SET_RESULTS=@@CHARACTER_SET_RESULTS */;
/*!40101 SET @OLD_COLLATION_CONNECTION=@@COLLATION_CONNECTION */;
/*!40101 SET NAMES utf8 */;
/*!40103 SET @OLD_TIME_ZONE=@@TIME_ZONE */;
/*!40103 SET TIME_ZONE='+00:00' */;
/*!40014 SET @OLD_UNIQUE_CHECKS=@@UNIQUE_CHECKS, UNIQUE_CHECKS=0 */;
/*!40014 SET @OLD_FOREIGN_KEY_CHECKS=@@FOREIGN_KEY_CHECKS, FOREIGN_KEY_CHECKS=0 */;
/*!40101 SET @OLD_SQL_MODE=@@SQL_MODE, SQL_MODE='NO_AUTO_VALUE_ON_ZERO' */;
/*!40111 SET @OLD_SQL_NOTES=@@SQL_NOTES, SQL_NOTES=0 */;

--
-- Table structure for table `abono`
--

DROP TABLE IF EXISTS `abono`;
/*!40101 SET @saved_cs_client     = @@character_set_client */;
/*!40101 SET character_set_client = utf8 */;
CREATE TABLE `abono` (
  `comprobante_id` int(11) DEFAULT NULL,
  `cliente_id` int(11) DEFAULT NULL,
  `monto` decimal(8,2) DEFAULT NULL,
  `fecha` varchar(15) DEFAULT NULL,
  `id_abono` int(11) NOT NULL AUTO_INCREMENT,
  `id_tipo_credito` int(11) DEFAULT '0',
  `detalle` varchar(200) DEFAULT 'null',
  `estado` bit(1) DEFAULT b'1',
  PRIMARY KEY (`id_abono`)
) ENGINE=InnoDB AUTO_INCREMENT=46 DEFAULT CHARSET=latin1;
/*!40101 SET character_set_client = @saved_cs_client */;

--
-- Dumping data for table `abono`
--

LOCK TABLES `abono` WRITE;
/*!40000 ALTER TABLE `abono` DISABLE KEYS */;
INSERT INTO `abono` VALUES (103,45,118.00,NULL,1,0,'null',''),(169,44,21730.00,NULL,2,0,'null',''),(152,46,47800.00,NULL,3,0,'null',''),(144,64,300000.00,NULL,5,0,'null',''),(232,64,24500.00,NULL,6,0,'null',''),(216,82,3000.00,NULL,7,0,'null',''),(177,110,20000.00,NULL,8,0,'null',''),(201,82,5700.00,'05-08-2016',13,4,'DETALLE',''),(275,54,793.00,'09-08-2016',14,4,'DEPOSITO A CTA BNCR',''),(275,54,43.95,'09-08-2016',15,1,'DESCUENTO AUTORIZADO POR GERENCIA',''),(366,143,95000.00,'08/11/2016',16,4,'DETALLE\r\nPAGO EN EFECTIVO AL MOMENTO DE LA ENTREGA',''),(290,112,2700.00,'08/05/2016',17,4,'DETALLE\r\nREBAJO DE COMISIONES POR PAGAR',''),(349,54,638.00,'08/10/2016',18,4,'DETALLE PAGO EN EFECTIVO DEPOSITO CUENTA BN',''),(349,54,33.00,'08/10/2016',19,1,'DETALLE DESCUENTO AUTORIZADO POR GERENCIA',''),(230,85,17000.00,'08/11/2016',20,4,'DETALLE PAGO EXTEMPORANEO',''),(317,100,108000.00,'08/02/2016',21,4,'DETALLE PAGO EN EFECTIVO DEPOSITO BN 16526823',''),(177,110,14000.00,'08/02/2016',22,4,'DETALLE PAGO EN EFECTIVO DEPOSITO BN 16526823',''),(242,97,4500.00,'08/02/2016',23,4,'DETALLE PAGO EN EFECTIVO DEPOSITO BN 16526823',''),(211,88,69000.00,'08/11/2016',24,4,'DETALLE PAGO EFECTIVO CUENTA BN',''),(236,88,8700.00,'08/11/2016',25,4,'DETALLE PAGO EFECTIVO CUENTA BN',''),(237,88,6900.00,'08/11/2016',26,4,'DETALLE PAGO EFECTIVO CUENTA BN',''),(234,96,18200.00,'08/11/2016',27,4,'DETALLE PAGO EN EFECTIVO',''),(239,96,7200.00,'08/11/2016',28,4,'DETALLE PAGO EN EFECTIVO ',''),(243,96,11000.00,'08/11/2016',29,4,'DETALLE EFECTIVO',''),(276,96,57700.00,'08/11/2016',30,4,'DETALLE EFECTIVO',''),(276,96,10000.00,'08/11/2016',31,1,'DETALLE DESCUENTO AUTORIZADO POR LA GERENCIA',''),(260,79,13800.00,'08/01/2016',32,4,'DETALLE EFECTIVO CUENTA BN',''),(302,79,25800.00,'08/11/2016',33,4,'DETALLE EFECTIVO CUENTA BN',''),(209,86,50000.00,'08/01/2016',34,4,'DETALLE ABONO POR CUENTA DE CHUMA EN EFECTIVO DEPOSITO DANIEL CUENTA BN',''),(210,87,111550.00,'08/01/2016',35,4,'DETALLE PAGO EN EFECTIVO',''),(217,87,35000.00,'08/01/2016',36,4,'DETALLE PAGO EN EFECTIVO',''),(169,44,44270.00,'08/01/2016',37,4,'DETALLE ABONO DE 300 MIL A CUENTA BN',''),(180,44,44477.04,'08/04/2016',38,4,'DETALLE PAGO EN EFECTIVO DE 300 MIL A CUENTA BN',''),(191,44,173465.00,'08/04/2016',39,4,'DETALLE PAGO EN EFECTIVO DE 300 MIL A CUENTA BN',''),(196,44,37787.96,'08/04/2016',40,4,'DETALLE PAGO EN EFECTIVO DE 300 MIL A CUENTA BN',''),(241,90,17000.00,'08/01/2016',41,4,'DETALLE PAGO EN EFECTIVO A CUENTA BN',''),(160,82,44300.00,'',42,4,'pago en efectivo',''),(372,54,95.00,'',43,4,'DETALLE',''),(402,54,125.00,'08/26/2016',44,4,'DETALLE',''),(441,54,980.50,'08/26/2016',45,4,'DETALLE','');
/*!40000 ALTER TABLE `abono` ENABLE KEYS */;
UNLOCK TABLES;

--
-- Table structure for table `cliente`
--

DROP TABLE IF EXISTS `cliente`;
/*!40101 SET @saved_cs_client     = @@character_set_client */;
/*!40101 SET character_set_client = utf8 */;
CREATE TABLE `cliente` (
  `id` int(11) NOT NULL AUTO_INCREMENT,
  `Nombre` varchar(100) COLLATE utf8_spanish_ci NOT NULL,
  `RUC` varchar(11) COLLATE utf8_spanish_ci NOT NULL,
  `Direccion` varchar(200) COLLATE utf8_spanish_ci NOT NULL,
  `Agente` varchar(45) COLLATE utf8_spanish_ci DEFAULT 'null',
  PRIMARY KEY (`id`)
) ENGINE=InnoDB AUTO_INCREMENT=180 DEFAULT CHARSET=utf8 COLLATE=utf8_spanish_ci;
/*!40101 SET character_set_client = @saved_cs_client */;

--
-- Dumping data for table `cliente`
--

LOCK TABLES `cliente` WRITE;
/*!40000 ALTER TABLE `cliente` DISABLE KEYS */;
INSERT INTO `cliente` VALUES (44,'MICHAEL VIQUEZ HERRERA','8506-0184','LLANO GRANDE, LA VIRGEN, SARAPIQUI','DANIEL CASTRO'),(45,'DAVID ULATE LARA','8519-8301','PUEBLO NUEVO, LA VIRGEN, SARAPIQUI','DANIEL CASTRO'),(46,'PEDRO ANGEL GONZALEZ GUZMAN','8453-7961','MONTE LIRIOS, FRENTE A TROCHA, RIO CUARTO, GRECIA','DANIEL CASTRO'),(47,'VETERINARIAS LA VIRGEN','2761-0944','LA VIRGEN, SARAPIQUI, FRETE AL BANCO NACIONAL','DANIEL CASTRO'),(48,'INVERSIONES SOLORZANO VILLALOBOS','2764-4119','RIO FRIO, HORQUETAS, SARAPIQUI, COSTADO SUR TERMINAL DE BUSES','DANIEL CASTRO'),(49,'GERARDO SOLIS SALAZAR','8453-7961','MONTE LIRIOS, RIO CUARTO, GRECIA','DANIEL CASTRO'),(50,'TROPICAL GREENS','2764-4562','LA RAMBLA, HORQUETAS, SARAPIQUI','DANIEL CASTRO'),(51,'KAREN GOMEZ TORRES','6273-6102','PUERTO VIEJO, SARAPIQUI, HEREDIA','DANIEL CASTRO'),(52,'EFRAIN AVILA','8840-5233','LA ESPAÑOLITA, CRUCE, RIO CUARTO, GRECIA','DANIEL CASTRO'),(53,'ALBERTO ROJAS HERNANDEZ','8557-8576','SANTA ISABEL, RIO CUARTO, GRECIA','DANIEL CASTRO'),(54,'FRANKLIN VALVERDE BARRANTES','8405-6839','LA ESPAÑOLITA, RIO CUARTO, GRECIA','DANIEL CASTRO'),(55,'DISTRIBUIDORA EL DORADO','2472-1491','VENECIA, SAN CARLOS, ALAJUELA','DANIEL CASTRO'),(56,'MANUEL QUESADA VIQUEZ','8710-2357','LLANO GRANDE LA VIRGEN','DANIEL CASTRO'),(57,'ARMANDO VARGAS HIDALGO','','LAS PALMITAS, LA VIRGEN DE SARAPIQUI','DANIEL CASTRO'),(58,'DANIEL CASTRO AZOFEIFA','8503-9260','LA VIRGEN SARAPIQUI','DANIEL CASTRO'),(59,'WILLIAM HERRERA NUNEZ','8848-9272','LAS PALMITAS, LA VIRGEN DE SARAPIQUI','DANIEL CASTRO'),(60,'RONALD SALAS','8877-7227','SANTA RITA, RIO CUARTO, GRECIA','DANIEL CASTRO'),(61,'DANIEL ALVARADO PADILLA','','LA VIRGEN SARAPIQUI','DANIEL CASTRO'),(62,'GERARDO FERNANDEZ ARTAVIA','8585-8321','LAS PARCELAS, SAN VICENTE, RIO CUARTO','DANIEL CASTRO'),(63,'RIGO SOLIS SALAZAR','','MONTE LIRIOS, RIO CUARTO, GRECIA','DANIEL CASTRO'),(64,'CARLOS RODRIGUEZ MORALES','8848-1065','MONTE LIRIOS, RIO CUARTO, GRECIA','DANIEL CASTRO'),(65,'LUIS ANGEL CASTRO CASTRO','8503-9260','SAN VICENTE, RIO CUARTO, GRECIA','DANIEL CASTRO'),(66,'EVARISTO BORBON HUERTAS','8960-9654','SAN ISIDRO, LAS PALMITAS, LA VIRGEN, SARAPIQUI','DANIEL CASTRO'),(67,'MARIO AGÜERO CAMPOS','8519-2161','150 M O DE LA ENTRADA A LA LINDA, LA VIRGEN','DANIEL CASTRO'),(68,'JORGE CASTRO CASTRO','','LA VIRGEN SARAPIQUI','DANIEL CASTRO'),(69,'AUTO TRANSPORTES SARAPIQUI','','PUERTO VIEJO, SARAPIQUI, HEREDIA.','DANIEL CASTRO'),(70,'INTERAGRO BODEGA CARTAGO','2573-0903','EL ALTO DE OCHOMOGO, SAN NICOLAS, CARTAGO.','DANIEL CASTRO'),(71,'TRANSPORTES LALO','','LA VIRGEN, SARAPIQUI, HEREDIA','DANIEL CASTRO'),(72,'JOAQUIN CASTRO RODRIGUEZ','8566-3477','PUEBLO NUEVO, LA VIRGEN, SARAPIQUI','DANIEL CASTRO'),(73,'PINCOSTA S.A.','','BAJOS DE CHILAMATE, SARAPIQUI.','DANIEL CASTRO'),(74,'RONALD ROJAS ROJAS','8877-7227','SANTA RITA, RIO CUARTO, GRECIA','DANIEL CASTRO'),(75,'GRUPO INVERSIONES DEL ESTE S.A','','SAN JULIAN, PUERTO VIEJO, SARAPIQUI','DANIEL CASTRO'),(76,'ALONSO CHAVARRIA ESPINOZA','','LA VIRGEN, SARAPIQUI, HEREDIA','DANIEL CASTRO'),(77,'3-101-664132 S.A (ANGEL DEL CEIBO)','','LA VIRGEN, SARAPIQUI, HEREDIA','BODEGA'),(78,'CLARA SANCHEZ AZOFEIFA','88479981','SANTA ROSA, SANTO DOMINGO, HEREDIA','DANIEL CASTRO'),(79,'GANADERA AGRO LA VICTORIA','83083394','PUEBLO NUEVO, LA VIRGEN, SARAPIQUI','DANIEL CASTRO'),(80,'ELIO DUARTE CASTRO','','CHILAMATE, SARAPIQUI, HEREDIA','DANIEL CASTRO'),(81,'OSCAR SALAZAR SOLORZANO','','RANCHO CHILAMATE, SARAPIQUI, HEREDIA','DANIEL CASTRO'),(82,'RAFAEL DAVID SEGURA GONZALEZ','','PUEBLO NUEVO, LA VIRGEN, SARAPIQUI','DANIEL CASTRO'),(83,'JOSE AMADOR HURTADO','8374-7378','SAN VICENTE, RIO CUARTO, GRECIA','DANIEL CASTRO'),(84,'SAUL ANTONIO GARCIA','83761525','RANCHO CHILAMATE, SARAPIQUI, HEREDIA','DANIEL CASTRO'),(85,'CLIENTE OCASIONAL CONTADO','','RANCHO CHILAMATE, SARAPIQUI, HEREDIA','DANIEL CASTRO'),(86,'FREDDY MENDEZ ARRIETA','','SAN RAMON, LA VIRGEN, SARAPIQUI','DANIEL CASTRO'),(87,'LUIS ZUÑIGA HERNANDEZ','','PUEBLO NUEVO, LA VIRGEN, SARAPIQUI','DANIEL CASTRO'),(88,'EL PAJARO CARPINTERO S.A.','','PUERTO VIEJO, SARAPIQUI, HEREDIA','DANIEL CASTRO'),(89,'RUTH FERNANDEZ HIDALGO','','SAN VICENTE, RIO CUARTO, GRECIA','DANIEL CASTRO'),(90,'MARCELO SERRANO SERRANO','','RANCHO CHILAMATE, SARAPIQUI, HEREDIA','DANIEL CASTRO'),(91,'ELIODORO VINDAS BADILLA','','LOS ANGELES, RIO CUARTO, GRECIA','DANIEL CASTRO'),(92,'MOISES ROJAS','','LAS PALMITAS, LA VIRGEN, SARAPIQUI','DANIEL CASTRO'),(93,'ANDREY ESQUIVEL CASTRO','8773-0396','LA VIRGEN, FRENTE AL CEMENTERIO','BODEGA'),(94,'MARIO RAMIREZ ARIAS','','CALLE LUCHA, CHILAMATE, SARAPIQUI','DANIEL CASTRO'),(95,'JORGE LUIS MONTERO E.','','LA CHILERA, CHILAMATE, SARAPIQUI.','DANIEL CASTRO'),(96,'CARLOS ZAMORA NUÑEZ','','EL ROBLE, LA VIRGEN, SARAPIQUI','DANIEL CASTRO'),(97,'KALET FERNANDEZ FERNANDEZ','','LAS PARCELAS, SAN VICENTE, LA VIRGEN','DANIEL CASTRO'),(98,'FINCA LOS GANSOS ','','LLANO GRANDE, LA VIRGEN, SARAPIQUI.','DANIEL CASTRO'),(99,'LUIS ALFARO CESPEDES','','SAN GERARDO, RIO CUARTO, GRECIA.','DANIEL CASTRO'),(100,'MARIA ELENA ALVARADO SOLIS','','RANCHO CHILAMATE, SARAPIQUI, HEREDIA','DANIEL CASTRO'),(101,'ALCIDES RAMIREZ ARTAVIA','88761079','PUEBLO NUEVO POR EL SUPER','DANIEL CASTRO'),(102,'LEONEL GARITA MONTENEGRO','','LA VIRGEN, SARAPIQUI','DANIEL CASTRO'),(103,'GERARDO ROJAS BARQUERO','','RANCHO CHILAMATE','DANIEL CASTRO'),(104,'GERARDO ROJAS BARQUERO','','RANCHO CHILAMATE, SARAPIQUI, HEREDIA','DANIEL CASTRO'),(105,'GERARDO ROJAS BARQUERO','83761525','RANCHO CHILAMATE, SARAPIQUI, HEREDIA','DANIEL CASTRO'),(106,'JOSE SABORIO MARIN','','LA VIRGEN, FRENTE AL CEMENTERIO','DANIEL CASTRO'),(107,'OVIDIO ARCE','2764-6178','LA CHAVES, HORQUETAS, SARAPIQUI','ELIDIER ALFARO'),(108,'GONZALO TREMINIO DELGADILLO','8472-7664','ASENT ESTELA QUESADA, SAN VICENTE, RIO CUARTO','DANIEL CASTRO'),(109,'WILBERTH ALVAREZ MADRIGAL','8350-3627','LAS PALMITAS, LA VIRGEN, SARAPIQUI','DANIEL CASTRO'),(110,'ISABEL REYES LOPEZ','','SAN VICENTE, RIO CUARTO, GRECIA','DANIEL CASTRO'),(111,'FELIX BLANCO BRENES','8679-8135','LA VIRGEN, SARAPIQUI','DANIEL CASTRO'),(112,'ELIDIER ALFARO GONZALEZ','8884-6500','LA VIRGEN, SARAPIQUI','BODEGA'),(113,'RAFAEL CHACON UGALDE','','CALLE LUCHA, CHILAMATE, SARAPIQUI','DANIEL CASTRO'),(114,'RIGOBERTO LOPEZ','8583-8217','LA CHAVES, HORQUETAS, SARAPIQUI','ELIDIER ALFARO'),(115,'EDUARDO GARITA MONTENEGRO','','TIRIMBINA, LA VIRGEN, SARAPIQUI','DANIEL CASTRO'),(116,'PEDRO MELENDEZ HERNANDEZ','8355-2121','TICARI, FRENTE A ANTIGUA PLANTA TROPICAL GREEN','ELIDIER ALFARO'),(117,'ALEXIS SANCHEZ ROJAS','2764-3255','TICARI, 1 KM ESTE DE LA ENTRADA EN RESTAURANTE MI SABOR','ELIDIER ALFARO'),(118,'DEIBY STEVEN VASQUEZ SEQUEIRA','5004-1629','LA CHAVES, HORQUETAS, SARAPIQUI','ELIDIER ALFARO'),(119,'LUIS VASQUEZ SEQUEIRA','','LA CHAVES, HORQUETAS, SARAPIQUI','ELIDIER ALFARO'),(120,'GERARDO FONSECA VARGAS','86029229','LA CHAVES, HORQUETAS, SARAPIQUI, 500 M ESTE DE LA ENTRADA','ELIDIER ALFARO'),(121,'SANTOS SEQUEIRA RAMIREZ','8466-0230','2 KM ESTE DE LA ENTRADA A LA CHAVES, DESPUES DEL PUENTE','ELIDIER ALFARO'),(122,'MARIO UREÑA VARGAS','2764-3397','50 M OESTE DE LA ESCUELA, LA CHAVES, HORQUETAS','ELIDIER ALFARO'),(123,'CARLOS LORIA MORA','8336-5759','FINCA 2, SUPER CRISTO REY, FRENTE A IGLESIA EVANGELICA','ELIDIER ALFARO'),(124,'ROGELIO SOLANO JIMENEZ','2764-5016','150 M ESTE DE LA ESCUELA, LA CHAVES, HORQUETAS','ELIDIER ALFARO'),(125,'RICARDO BOLAÑOS','8806-6015','LA CHAVES, 1RA CASA MANO IZQUIERDA DEL 2DO PUENTE','ELIDIER ALFARO'),(126,'JOSE VINDAS BADILLA','','SONORA, LA VIRGEN, SARAPIQUI','DANIEL CASTRO'),(127,'ALCIDES MONTERO PADILLA','8501-1756','PUEBLO NUEVO, LA VIRGEN, SARAPIQUI','DANIEL CASTRO'),(128,'RAUL ASTUA PEREZ','8859-2367','PITAL, 4 ESQUINAS, 800 M NORTE DE LA IGLESIA','DANIEL CASTRO'),(129,'PIÑA SAN VI S.A.','','SAN VICENTE, RIO CUARTO, GRECIA','DANIEL CASTRO'),(130,'GILBERTH QUESADA SALAS','','LA VIRGEN, SARAPIQUI','DANIEL CASTRO'),(131,'CARLOS LUIS CARAZO LORIA','8377-2091','LA CHAVES, 1 KM ESTE DE LA ENTRADA, CASA FUCSIA M.D.','ELIDIER ALFARO'),(132,'ZAIDA CASCANTE HIDALGO','','ISLA GRANDE, 150 M SURESTE DE LA ESTACION DE SERVICIO','ELIDIER ALFARO'),(133,'OLGER MURILLO BENAVIDES','','MUELLE, SAN CARLOS, ALAJUELA','BODEGA'),(134,'VICTOR JIMENEZ NOGUERA','8741-6267','LA CONQUISTA, CONTIGUO AL COLEGIO','ELIDIER ALFARO'),(135,'MELVA MARIA CAMPOS CESPEDEZ','8989-8957','VILLA LORENA, 500 M NORTE DE LA ENTRADA, 25 ESTE, CASA RUSTICA DE MADERA','ELIDIER ALFARO'),(136,'MINOR VEGA','6056-4343','PROCAVEGA@GMAIL.COM','ELIDIER ALFARO'),(137,'DELFIN PEREZ SANCHEZ','2764-1154','TICARI, 200 M DESPUES DE BAR PAPILLOS','ELIDIER ALFARO'),(138,'MINOR VEGA ARROYO','6056-4343','LA CONQUISTA, 200 M ANTES DE LA ENTRADA AL PALMAR','ELIDIER ALFARO'),(139,'SERGIO ARIAS SANCHEZ','8627-3692','SAN VICENTE, RIO CUARTO, GRECIA','DANIEL CASTRO'),(141,'CONCEPCION ALVAREZ OROZCO','6168-0447','LAS MARIAS, PTO VIEJO, 900 M OESTE DEL COMERCIAL LAS MARIAS','BODEGA'),(142,'HENRY ALVARADO VINDAS','','LA VIRGEN, CONTIGUO A LOS VENADOS','DANIEL CASTRO'),(143,'RODOLFO BOLAÑOS MURILLO','','CALLE TRINIDAD, SANTA RITA, RIO CUARTO, CRECIA','DANIEL CASTRO'),(144,'ALEJANDRO LORIA LORIA','','RANCHO CHILAMATE, SARAPIQUI, HEREDIA','DANIEL CASTRO'),(145,'GEINER SANCHEZ PORRAS','8638-1899','PUEBLO NUEVO, LA VIRGEN, SARAPIQUI','BODEGA'),(146,'JUAN JOSE JIMENEZ CARRANZA','8837-3469','RANCHO CHICO, RANCHO CHILAMATE, SARAPIQUI, HEREDIA','BODEGA'),(147,'GUIDO ARIAS CORDERO','','','DANIEL CASTRO'),(148,'ANA JOAQUINA SEQUEIRA RAMIREZ','8583-8217','LA CHAVES, HORQUETAS, SARAPIQUI','ELIDIER ALFARO'),(149,'SANTIAGO CAMPOS PARRA','6151-2851','LA CHAVES, HORQUETAS, SARAPIQUI, 200 M DESPUES DEL BAR AQUI ME QUEDO','ELIDIER ALFARO'),(150,'ROBERTO JIMENEZ MOLINA','','LA VIRGEN, SARAPIQUI','DANIEL CASTRO'),(151,'GERARDO SORO AVILA','8399-2876','SANTA RITA, RIO CUARTO, GRECIA','DANIEL CASTRO'),(152,'DENNIS CORTES CASCANTE','8755-0760','LA CHAVES, 2 KM ESTE DE LA ENTRADA, CASA FUCSIA M.D.','ELIDIER ALFARO'),(153,'PEDRO JOSE VELASQUEZ GONZALEZ','8755-0760','LA CHAVES, FRENTE A LA IGLESIA EVANGELICA','ELIDIER ALFARO'),(154,'MARVIN UREÑA VARGAS','','LA CHAVES, HORQUETAS, SARAPIQUI','ELIDIER ALFARO'),(155,'VIRGINIA LOPEZ GAMBOA','8517-4560','MONTE LIRIOS, DEL CRUCE 300 M HACIA NUEVA VERAGUA','DANIEL CASTRO'),(156,'OSCAR SOLANO ALVARADO','2476-0001','CARIBLANCO, SARAPIQUI, ALAJUELA','ELIDIER ALFARO'),(157,'AGROCOMERCIAL DE PURISCAL','2416-3357','PURISCAL, SAN JOSE, COSTA RICA','BODEGA'),(158,'LUIS BEJARANO GONZALEZ','8721-8835','LA CHAVES, HORQUETAS, SARAPIQUI','ELIDIER ALFARO'),(159,'NIXON ARIAS SOLANO','8805-7364','ASENTAMIENTO EL AMIGO, TRES ROSALES, PUERTO VIEJO, 300 M DE LA PLAZA','ELIDIER ALFARO'),(160,'ZEIDY CORTES BRICEÑO','8916-7167','ENTRADA AL PALMAR, LA CONQUISTA, HORQUETAS, SARAPIQUI','ELIDIER ALFARO'),(161,'CARMEN ROJAS ','','EL ROBLE, LA VIRGEN, SARAPIQUI','BODEGA'),(162,'VICTOR JUIO JIMENEZ CASTRO','840-2048','EL ROBLE, DEL PUENTE CRUCE A TIRIMBINA 50 MTS DERECHA','BODEGA'),(163,'APROPISA','8324-9925','CONTACTO FABIAN, CHILAMATE, 15O M ESTE DE LA ENTRADA A EL ROBEL','BODEGA'),(164,'JOSE ALEXIS ARCE ARAYA','2764-5174','LA CONQUISTA, SUPER LOS AMIGOS','ELIDIER ALFARO'),(165,'EMILIO VALLESTERO MOLINA','2764-5053','LA CHAVES, PULPERIA LA CHAVES','ELIDIER ALFARO'),(166,'MARIA ROSA VILLALOBOS ALFARO','2474-4295','VIVERO AGUAS ZARCAS, AGUAS ZARCAS, SAN CARLOS','ELIDIER ALFARO'),(167,'FRANKLIN HIDALGO ARTAVIA','','LA VIRGEN, SARAPIQUI','DANIEL CASTRO'),(168,'HENRY SOLIS SOTO','8710-5645','SAN RAMON, LA VIRGEN, SARAPIQUI 3 KM SURETES DE LA PLAZA','BODEGA'),(169,'LUZ CASTRO ROJAS','2761-1029','LA VIRGEN. FRENTE A LA PLAZA','DANIEL CASTRO'),(170,'HIPOLITO PALMA BARAHONA','7241-4775','CAÑO SAN JOSE, LA DELIA, PUERTO VIEJO, SARAPIQUI','ELIDIER ALFARO'),(171,'ANDRES ARRIETA CASTILLO','7197-2237','CAÑO SAN JOSE, LA DELIA, PUERTO VIEJO, SARAPIQUI','ELIDIER ALFARO'),(172,'OLIVIER ARTAVIA','','LA VIRGEN, SARAPIQUI','BODEGA'),(173,'JUAN PANIAGUA JIMENEZ','8893-1076','UJARRAS, 1 KM NORTE DE LA IGLESIA CATOLICA','ELIDIER ALFARO'),(174,'MARIO HERNANDEZ SANCHEZ','8369-7282','CALIFORNIA TICO, LA VIRGEN SARAPIQUI','BODEGA'),(175,'FORMUQUIN S.A.','','EL ALTO DE OCHOMOGO, CARTAGO','BODEGA'),(176,'TRANSPORTES ROJAS MESEN S.A.','8833-6886','SANTA RITA, RIO CUARTO, GRECIA, CALLE LA VICTORIA','DANIEL CASTRO'),(177,'EDUARDO SALAZAR','6208-6264','LA GUARIA, 400 M SUR DEL CEMENTERIO','LUIS SOLANO ALVARADO'),(178,'JOSE PABLO MADRIGAL','8923-2066','CORAZON DE JESUS, SAN MIGUEL, CONTIGUO AL EBAIS','LUIS SOLANO ALVARADO'),(179,'CARLOS VILLALOBOS CAMPOS','62149327','50 METROS NORTE DE LA ENTRADA DE LAS PALMITAS','ELIDIER ALFARO');
/*!40000 ALTER TABLE `cliente` ENABLE KEYS */;
UNLOCK TABLES;

--
-- Table structure for table `cliente_vendedor`
--

DROP TABLE IF EXISTS `cliente_vendedor`;
/*!40101 SET @saved_cs_client     = @@character_set_client */;
/*!40101 SET character_set_client = utf8 */;
CREATE TABLE `cliente_vendedor` (
  `cliente_id` int(11) DEFAULT NULL,
  `vendedor_id` int(11) DEFAULT NULL,
  `comision` int(11) DEFAULT NULL,
  KEY `fk_vendedor_idx` (`vendedor_id`),
  KEY `fk_comprobante_vendedor` (`cliente_id`),
  CONSTRAINT `fk_comprobante_vendedor` FOREIGN KEY (`cliente_id`) REFERENCES `comprobante` (`id`) ON DELETE NO ACTION ON UPDATE NO ACTION,
  CONSTRAINT `fk_vendedor` FOREIGN KEY (`vendedor_id`) REFERENCES `vendedor` (`id_vendedor`) ON DELETE NO ACTION ON UPDATE NO ACTION
) ENGINE=InnoDB DEFAULT CHARSET=latin1;
/*!40101 SET character_set_client = @saved_cs_client */;

--
-- Dumping data for table `cliente_vendedor`
--

LOCK TABLES `cliente_vendedor` WRITE;
/*!40000 ALTER TABLE `cliente_vendedor` DISABLE KEYS */;
INSERT INTO `cliente_vendedor` VALUES (NULL,NULL,10),(NULL,NULL,0),(NULL,NULL,0),(NULL,NULL,0),(NULL,NULL,0);
/*!40000 ALTER TABLE `cliente_vendedor` ENABLE KEYS */;
UNLOCK TABLES;

--
-- Table structure for table `comprobante`
--

DROP TABLE IF EXISTS `comprobante`;
/*!40101 SET @saved_cs_client     = @@character_set_client */;
/*!40101 SET character_set_client = utf8 */;
CREATE TABLE `comprobante` (
  `id` int(11) NOT NULL AUTO_INCREMENT,
  `Cliente_id` int(11) NOT NULL,
  `IGV` decimal(10,2) NOT NULL DEFAULT '0.00',
  `SubTotal` decimal(10,2) NOT NULL DEFAULT '0.00',
  `Total` decimal(10,2) NOT NULL DEFAULT '0.00',
  `Tipo_Pago` varchar(45) COLLATE utf8_spanish_ci DEFAULT NULL,
  `Moneda` varchar(45) COLLATE utf8_spanish_ci DEFAULT NULL,
  `descuento` decimal(10,2) DEFAULT NULL,
  `fecha` varchar(15) COLLATE utf8_spanish_ci DEFAULT NULL,
  `fechaVence` varchar(15) COLLATE utf8_spanish_ci DEFAULT NULL,
  `estado` varchar(30) COLLATE utf8_spanish_ci DEFAULT 'PREFACTURA',
  PRIMARY KEY (`id`),
  KEY `FK_comprobante_cliente` (`Cliente_id`),
  CONSTRAINT `FK_comprobante_cliente` FOREIGN KEY (`Cliente_id`) REFERENCES `cliente` (`id`) ON DELETE CASCADE ON UPDATE CASCADE
) ENGINE=InnoDB AUTO_INCREMENT=483 DEFAULT CHARSET=utf8 COLLATE=utf8_spanish_ci;
/*!40101 SET character_set_client = @saved_cs_client */;

--
-- Dumping data for table `comprobante`
--

LOCK TABLES `comprobante` WRITE;
/*!40000 ALTER TABLE `comprobante` DISABLE KEYS */;
INSERT INTO `comprobante` VALUES (181,74,0.00,147.50,147.50,'Credito','DOLARES',0.00,'09-06-2016','24-06-2016','FACTURADO'),(182,73,0.00,73171.00,73171.00,'Credito','COLONES',0.00,'09-06-2016','24-06-2016','FACTURADO'),(183,75,0.00,28800.00,28800.00,'Credito','COLONES',0.00,'10-06-2016','10-07-2016','FACTURADO'),(184,76,0.00,17200.00,17200.00,'Credito','COLONES',0.00,'10-06-2016','10-07-2016','FACTURADO'),(185,77,0.00,106500.00,106500.00,'Credito','COLONES',0.00,'10-06-2016','10-07-2016','FACTURADO'),(186,54,0.00,140.00,140.00,'Contado','DOLARES',0.00,'15-06-2016','15-06-2016','FACTURADO'),(187,63,0.00,31500.00,31500.00,'Contado','COLONES',0.00,'10-06-2016','10-06-2016','FACTURADO'),(188,46,0.00,9500.00,9500.00,'Credito','COLONES',0.00,'10-06-2016','10-07-2016','FACTURADO'),(189,78,0.00,260000.00,260000.00,'Contado','COLONES',0.00,'13-06-2016','13-06-2016','FACTURADO'),(190,64,0.00,77525.00,77525.00,'Credito','COLONES',0.00,'13-06-2016','13-07-2016','FACTURADO'),(191,44,0.00,182595.00,182595.00,'Contado','COLONES',0.05,'14-06-2016','14-06-2016','FACTURADO'),(192,79,0.00,78700.00,78700.00,'Contado','COLONES',0.00,'14-06-2016','14-06-2016','FACTURADO'),(193,80,0.00,6900.00,6900.00,'Contado','COLONES',0.00,'14-06-2016','14-06-2016','FACTURADO'),(195,67,0.00,16400.00,16400.00,'Contado','COLONES',0.00,'16-06-2016','16-06-2016','FACTURADO'),(196,44,0.00,59763.00,59763.00,'Contado','COLONES',0.00,'15-06-2016','15-06-2016','FACTURADO'),(197,66,0.00,117915.00,117915.00,'Contado','COLONES',NULL,'16-06-2016','16-06-2016','FACTURADO'),(198,45,0.00,62.95,62.95,'Credito','DOLARES',0.00,'16-06-2016','16-07-2016','FACTURADO'),(199,81,0.00,9900.00,9900.00,'Contado','COLONES',0.00,'16-06-2016','16-06-2016','FACTURADO'),(200,66,0.00,46600.00,46600.00,'Contado','COLONES',0.00,'16-06-2016','16-06-2016','FACTURADO'),(201,82,0.00,23000.00,23000.00,'Credito','COLONES',0.00,'17-06-2016','17-07-2016','FACTURADO'),(202,54,0.00,660.00,660.00,'Contado','DOLARES',0.00,'20-06-2016','20-06-2016','FACTURADO'),(203,83,0.00,42200.00,42200.00,'Contado','COLONES',0.00,'20-06-2016','20-06-2016','FACTURADO'),(204,76,0.00,10500.00,10500.00,'Contado','COLONES',0.00,'20-06-2016','20-06-2016','FACTURADO'),(206,84,0.00,12400.00,12400.00,'Contado','COLONES',0.00,'20-06-2016','20-06-2016','FACTURADO'),(207,85,0.00,23000.00,23000.00,'Contado','COLONES',0.00,'20-06-2016','20-06-2016','FACTURADO'),(208,45,0.00,2753.00,2753.00,'Credito','DOLARES',0.00,'21-06-2016','21-07-2016','FACTURADO'),(209,86,0.00,84000.00,84000.00,'Credito','COLONES',0.00,'21-06-2016','06-07-2016','FACTURADO'),(210,87,0.00,111550.00,111550.00,'Credito','COLONES',0.00,'21-06-2016','21-07-2016','FACTURADO'),(211,88,0.00,69000.00,69000.00,'Credito','COLONES',0.00,'21-06-2016','29-06-2016','FACTURADO'),(212,89,0.00,36500.00,36500.00,'Contado','COLONES',0.00,'21-06-2016','21-06-2016','FACTURADO'),(213,66,0.00,24850.00,24850.00,'Contado','COLONES',0.00,'22-06-2016','22-06-2016','FACTURADO'),(214,44,0.00,12200.00,12200.00,'Credito','COLONES',0.00,'23-06-2016','23-07-2016','FACTURADO'),(215,55,0.00,32375.00,32375.00,'Credito','COLONES',0.00,'23-06-2016','01-07-2016','FACTURADO'),(216,82,0.00,15000.00,15000.00,'Credito','COLONES',0.00,'23-06-2016','23-07-2016','FACTURADO'),(217,87,0.00,35000.00,35000.00,'Credito','COLONES',0.00,'23-06-2016','08-07-2016','FACTURADO'),(218,91,0.00,7000.00,7000.00,'Contado','COLONES',0.00,'23-06-2016','23-06-2016','FACTURADO'),(219,92,0.00,19000.00,19000.00,'Contado','COLONES',0.00,'23-06-2016','23-06-2016','FACTURADO'),(220,93,0.00,65800.00,65800.00,'Contado','COLONES',0.00,'24-06-2016','24-06-2016','FACTURADO'),(221,93,0.00,2100.00,2100.00,'Contado','COLONES',0.00,'24-06-2016','24-06-2016','FACTURADO'),(222,61,0.00,5500.00,5500.00,'Contado','COLONES',0.00,'24-06-2016','24-06-2016','FACTURADO'),(223,94,0.00,11100.00,11100.00,'Contado','COLONES',0.00,'27-06-2016','27-06-2016','FACTURADO'),(224,73,0.00,91950.00,91950.00,'Credito','COLONES',0.00,'27-06-2016','27-07-2016','FACTURADO'),(225,44,0.00,312675.00,312675.00,'Credito','COLONES',0.00,'28-06-2016','28-07-2016','FACTURADO'),(226,91,0.00,13600.00,13600.00,'Credito','COLONES',0.00,'28-06-2016','06-07-2016','FACTURADO'),(227,46,0.00,8800.00,8800.00,'Credito','COLONES',0.00,'30-06-2016','30-07-2016','FACTURADO'),(228,80,0.00,48000.00,48000.00,'Contado','COLONES',0.00,'30-06-2016','30-06-2016','FACTURADO'),(230,85,0.00,17000.00,17000.00,'Credito','COLONES',NULL,'30-06-2016','03-07-2016','FACTURADO'),(231,95,0.00,8000.00,8000.00,'Contado','COLONES',NULL,'30-06-2016','30-06-2016','FACTURADO'),(232,64,0.00,24500.00,24500.00,'Credito','COLONES',NULL,'01-07-2016','31-07-2016','FACTURADO'),(233,46,0.00,5800.00,5800.00,'Credito','COLONES',NULL,'01-07-2016','31-07-2016','FACTURADO'),(234,96,0.00,18200.00,18200.00,'Credito','COLONES',NULL,'01-07-2016','09-07-2016','FACTURADO'),(235,45,0.00,1665.00,1665.00,'Credito','DOLARES',NULL,'02-07-2016','01-08-2016','FACTURADO'),(236,88,0.00,8700.00,8700.00,'Credito','COLONES',NULL,'04-07-2016','03-08-2016','FACTURADO'),(237,88,0.00,6900.00,6900.00,'Credito','COLONES',NULL,'04-07-2016','03-08-2016','FACTURADO'),(238,47,0.00,25200.00,25200.00,'Credito','COLONES',NULL,'04-07-2016','12-07-2016','FACTURADO'),(239,96,0.00,7200.00,7200.00,'Credito','COLONES',NULL,'04-07-2016','07-07-2016','FACTURADO'),(240,65,0.00,17200.00,17200.00,'Contado','COLONES',NULL,'06-07-2016','06-07-2016','FACTURADO'),(241,90,0.00,17000.00,17000.00,'Credito','COLONES',NULL,'06-07-2016','05-08-2016','FACTURADO'),(242,97,0.00,14500.00,14500.00,'Credito','COLONES',NULL,'06-07-2016','05-08-2016','FACTURADO'),(243,96,0.00,11000.00,11000.00,'Credito','COLONES',NULL,'06-07-2016','09-07-2016','FACTURADO'),(244,66,0.00,46250.00,46250.00,'Contado','COLONES',NULL,'06-07-2016','06-07-2016','FACTURADO'),(245,67,0.00,17000.00,17000.00,'Contado','COLONES',NULL,'07-07-2016','07-07-2016','FACTURADO'),(246,64,0.00,432.10,432.10,'Credito','DOLARES',NULL,'07-07-2016','06-08-2016','FACTURADO'),(247,92,0.00,45000.00,45000.00,'Credito','COLONES',NULL,'07-07-2016','22-07-2016','FACTURADO'),(248,44,0.00,154000.00,154000.00,'Credito','COLONES',NULL,'08-07-2016','07-08-2016','FACTURADO'),(249,64,0.00,32.50,32.50,'Credito','DOLARES',NULL,'08-07-2016','07-08-2016','FACTURADO'),(250,44,0.00,34600.00,34600.00,'Credito','COLONES',NULL,'08-07-2016','07-08-2016','FACTURADO'),(252,98,0.00,64550.00,64550.00,'Contado','COLONES',NULL,'08-07-2016','08-07-2016','FACTURADO'),(253,99,0.00,48400.00,48400.00,'Contado','COLONES',NULL,'09-07-2016','09-07-2016','FACTURADO'),(254,46,0.00,17600.00,17600.00,'Credito','COLONES',NULL,'11-07-2016','10-08-2016','FACTURADO'),(255,79,0.00,87850.00,87850.00,'Credito','COLONES',NULL,'11-07-2016','10-08-2016','FACTURADO'),(256,100,0.00,60950.00,60950.00,'Credito','COLONES',NULL,'11-07-2016','19-07-2016','FACTURADO'),(257,101,0.00,34500.00,34500.00,'Contado','COLONES',NULL,'12-07-2016','12-07-2016','FACTURADO'),(258,102,0.00,46500.00,46500.00,'Contado','COLONES',NULL,'13-07-2016','13-07-2016','FACTURADO'),(259,102,0.00,5500.00,5500.00,'Contado','COLONES',NULL,'13-07-2016','13-07-2016','FACTURADO'),(260,79,0.00,13800.00,13800.00,'Credito','COLONES',NULL,'13-07-2016','12-08-2016','FACTURADO'),(261,89,0.00,33200.00,33200.00,'Credito','COLONES',NULL,'15-07-2016','14-08-2016','FACTURADO'),(262,91,0.00,17500.00,17500.00,'Credito','COLONES',NULL,'15-07-2016','23-07-2016','FACTURADO'),(263,62,0.00,12500.00,12500.00,'Contado','COLONES',NULL,'15-07-2016','15-07-2016','FACTURADO'),(264,74,0.00,520.00,520.00,'Contado','DOLARES',NULL,'15-07-2016','15-07-2016','FACTURADO'),(265,61,0.00,3500.00,3500.00,'Contado','COLONES',NULL,'15-07-2016','15-07-2016','FACTURADO'),(266,76,0.00,17200.00,17200.00,'Contado','COLONES',NULL,'15-07-2016','15-07-2016','FACTURADO'),(267,85,0.00,27450.00,27450.00,'Contado','COLONES',NULL,'15-07-2016','15-07-2016','FACTURADO'),(268,103,0.00,35850.00,35850.00,'Contado','COLONES',NULL,'18-07-2016','18-07-2016','FACTURADO'),(269,86,0.00,16000.00,16000.00,'Credito','COLONES',NULL,'19-07-2016','03-08-2016','FACTURADO'),(270,67,0.00,11000.00,11000.00,'Contado','COLONES',NULL,'19-07-2016','19-07-2016','FACTURADO'),(271,96,0.00,9000.00,9000.00,'Contado','COLONES',NULL,'19-07-2016','19-07-2016','FACTURADO'),(272,76,0.00,17200.00,17200.00,'Credito','COLONES',NULL,'19-07-2016','27-07-2016','FACTURADO'),(274,65,0.00,9200.00,9200.00,'Contado','COLONES',NULL,'19-07-2016','19-07-2016','FACTURADO'),(275,54,0.00,836.95,836.95,'Credito','DOLARES',NULL,'20-07-2016','18-09-2016','FACTURADO'),(276,96,0.00,67700.00,67700.00,'Credito','COLONES',NULL,'20-07-2016','04-08-2016','FACTURADO'),(277,85,0.00,8500.00,8500.00,'Contado','COLONES',NULL,'20-07-2016','20-07-2016','FACTURADO'),(278,107,0.00,8500.00,8500.00,'Contado','COLONES',NULL,'20-07-2016','20-07-2016','FACTURADO'),(279,55,0.00,97500.00,97500.00,'Contado','COLONES',NULL,'20-07-2016','20-07-2016','FACTURADO'),(280,62,0.00,63100.00,63100.00,'Credito','COLONES',NULL,'21-07-2016','20-08-2016','FACTURADO'),(281,108,0.00,94950.00,94950.00,'Credito','COLONES',NULL,'21-07-2016','20-08-2016','FACTURADO'),(282,74,0.00,125.00,125.00,'Credito','DOLARES',NULL,'21-07-2016','29-07-2016','FACTURADO'),(284,102,0.00,26250.00,26250.00,'Contado','COLONES',NULL,'21-07-2016','21-07-2016','FACTURADO'),(285,85,0.00,3950.00,3950.00,'Contado','COLONES',NULL,'21-07-2016','21-07-2016','FACTURADO'),(286,109,0.00,16100.00,16100.00,'Contado','COLONES',NULL,'21-07-2016','21-07-2016','FACTURADO'),(287,45,0.00,425.00,425.00,'Credito','DOLARES',NULL,'22-07-2016','21-08-2016','FACTURADO'),(288,102,0.00,9000.00,9000.00,'Contado','COLONES',NULL,'22-07-2016','22-07-2016','FACTURADO'),(289,111,0.00,3000.00,3000.00,'Contado','COLONES',NULL,'22-07-2016','22-07-2016','FACTURADO'),(290,112,0.00,2700.00,2700.00,'Credito','COLONES',NULL,'22-07-2016','21-08-2016','FACTURADO'),(291,113,0.00,18500.00,18500.00,'Contado','COLONES',NULL,'22-07-2016','22-07-2016','FACTURADO'),(292,114,0.00,93150.00,93150.00,'Contado','COLONES',NULL,'25-07-2016','25-07-2016','FACTURADO'),(293,97,0.00,5000.00,5000.00,'Contado','COLONES',NULL,'25-07-2016','25-07-2016','FACTURADO'),(294,102,0.00,21600.00,21600.00,'Contado','COLONES',NULL,'25-07-2016','25-07-2016','FACTURADO'),(295,115,0.00,12800.00,12800.00,'Contado','COLONES',NULL,'25-07-2016','25-07-2016','FACTURADO'),(296,114,0.00,134800.00,134800.00,'Credito','COLONES',NULL,'25-07-2016','24-08-2016','FACTURADO'),(297,114,0.00,13700.00,13700.00,'Contado','COLONES',NULL,'25-07-2016','25-07-2016','FACTURADO'),(298,116,0.00,13800.00,13800.00,'Contado','COLONES',NULL,'25-07-2016','25-07-2016','FACTURADO'),(300,117,0.00,3800.00,3800.00,'Contado','COLONES',NULL,'26-07-2016','26-07-2016','FACTURADO'),(301,46,0.00,134200.00,134200.00,'Credito','COLONES',NULL,'27-07-2016','26-08-2016','FACTURADO'),(302,79,0.00,25800.00,25800.00,'Credito','COLONES',NULL,'27-07-2016','26-08-2016','FACTURADO'),(303,88,0.00,46200.00,46200.00,'Credito','COLONES',NULL,'27-07-2016','26-08-2016','FACTURADO'),(304,66,0.00,114075.00,114075.00,'Contado','COLONES',NULL,'27-07-2016','27-07-2016','FACTURADO'),(305,109,0.00,5400.00,5400.00,'Contado','COLONES',NULL,'27-07-2016','27-07-2016','FACTURADO'),(306,109,0.00,13000.00,13000.00,'Contado','COLONES',NULL,'27-07-2016','27-07-2016','FACTURADO'),(307,118,0.00,66700.00,66700.00,'Contado','COLONES',NULL,'28-07-2016','28-07-2016','FACTURADO'),(308,119,0.00,20200.00,20200.00,'Contado','COLONES',NULL,'28-07-2016','28-07-2016','FACTURADO'),(310,120,0.00,8200.00,8200.00,'Contado','COLONES',NULL,'29-07-2016','29-07-2016','FACTURADO'),(311,104,0.00,48850.00,48850.00,'Contado','COLONES',NULL,'29-07-2016','29-07-2016','FACTURADO'),(312,114,0.00,9500.00,9500.00,'Contado','COLONES',NULL,'30-07-2016','30-07-2016','FACTURADO'),(313,121,0.00,8200.00,8200.00,'Contado','COLONES',NULL,'30-07-2016','30-07-2016','FACTURADO'),(314,122,0.00,18500.00,18500.00,'Contado','COLONES',NULL,'30-07-2016','30-07-2016','FACTURADO'),(315,88,0.00,64200.00,64200.00,'Credito','COLONES',NULL,'30-07-2016','29-08-2016','FACTURADO'),(316,48,0.00,179100.00,179100.00,'Credito','COLONES',NULL,'30-07-2016','14-08-2016','FACTURADO'),(317,100,0.00,208600.00,208600.00,'Credito','COLONES',NULL,'01-08-2016','31-08-2016','FACTURADO'),(318,124,0.00,143500.00,143500.00,'Credito','COLONES',NULL,'01-08-2016','31-08-2016','FACTURADO'),(320,123,0.00,34000.00,34000.00,'Contado','COLONES',NULL,'01-08-2016','01-08-2016','FACTURADO'),(321,108,0.00,36000.00,36000.00,'Credito','COLONES',NULL,'01-08-2016','31-08-2016','FACTURADO'),(322,97,0.00,86100.00,86100.00,'Credito','COLONES',NULL,'01-08-2016','31-08-2016','FACTURADO'),(324,88,0.00,48400.00,48400.00,'Credito','COLONES',NULL,'03-08-2016','02-09-2016','FACTURADO'),(326,90,0.00,35500.00,35500.00,'Credito','COLONES',NULL,'03-08-2016','02-09-2016','FACTURADO'),(327,65,0.00,17400.00,17400.00,'Contado','COLONES',NULL,'03-08-2016','03-08-2016','FACTURADO'),(328,126,0.00,89100.00,89100.00,'Contado','COLONES',NULL,'03-08-2016','03-08-2016','FACTURADO'),(329,82,0.00,23550.00,23550.00,'Credito','COLONES',NULL,'03-08-2016','02-09-2016','FACTURADO'),(330,127,0.00,13000.00,13000.00,'Credito','COLONES',NULL,'03-08-2016','02-09-2016','FACTURADO'),(331,114,0.00,10300.00,10300.00,'Contado','COLONES',NULL,'03-08-2016','03-08-2016','FACTURADO'),(332,118,0.00,27500.00,27500.00,'Contado','COLONES',NULL,'03-08-2016','03-08-2016','FACTURADO'),(333,128,0.00,366100.00,366100.00,'Credito','COLONES',NULL,'04-08-2016','03-10-2016','FACTURADO'),(334,114,0.00,11500.00,11500.00,'Contado','COLONES',NULL,'04-08-2016','04-08-2016','FACTURADO'),(335,44,0.00,36400.00,36400.00,'Credito','COLONES',NULL,'04-08-2016','03-10-2016','FACTURADO'),(336,129,0.00,1210.00,1210.00,'Credito','DOLARES',NULL,'05-08-2016','04-09-2016','FACTURADO'),(337,46,0.00,13200.00,13200.00,'Credito','COLONES',NULL,'05-08-2016','04-09-2016','FACTURADO'),(338,130,0.00,2500.00,2500.00,'Contado','COLONES',NULL,'05-08-2016','05-08-2016','FACTURADO'),(339,131,0.00,16600.00,16600.00,'Contado','COLONES',NULL,'05-08-2016','05-08-2016','FACTURADO'),(340,132,0.00,8200.00,8200.00,'Contado','COLONES',NULL,'05-08-2016','05-08-2016','FACTURADO'),(341,49,0.00,18000.00,18000.00,'Credito','COLONES',NULL,'05-08-2016','04-09-2016','FACTURADO'),(342,133,0.00,58200.00,58200.00,'Credito','COLONES',NULL,'05-08-2016','04-09-2016','FACTURADO'),(343,82,0.00,33810.00,33810.00,'Credito','COLONES',NULL,'05-08-2016','04-09-2016','FACTURADO'),(344,134,0.00,8200.00,8200.00,'Contado','COLONES',0.00,'09-08-2016','09-08-2016','FACTURADO'),(345,137,0.00,16000.00,16000.00,'Contado','COLONES',0.00,'09-08-2016','09-08-2016','FACTURADO'),(346,97,0.00,27000.00,27000.00,'Credito','COLONES',0.00,'09-08-2016','08-09-2016','FACTURADO'),(348,74,0.00,157.00,157.00,'Credito','DOLARES',0.00,'09-08-2016','08-09-2016','FACTURADO'),(349,54,0.00,671.00,671.00,'Credito','DOLARES',0.00,'09-08-2016','08-09-2016','FACTURADO'),(350,138,0.00,137300.00,137300.00,'Contado','COLONES',NULL,'09-08-2016','09-08-2016','FACTURADO'),(351,135,0.00,33100.00,33100.00,'Contado','COLONES',NULL,'09-08-2016','09-08-2016','FACTURADO'),(352,82,0.00,26500.00,26500.00,'Credito','COLONES',NULL,'09-08-2016','09-08-2016','FACTURADO'),(353,122,0.00,11000.00,11000.00,'Contado','COLONES',NULL,'09-08-2016','09-08-2016','FACTURADO'),(354,94,0.00,45000.00,45000.00,'Contado','COLONES',NULL,'10-08-2016','10-08-2016','FACTURADO'),(355,89,0.00,13000.00,13000.00,'Credito','COLONES',NULL,'10-08-2016','09-09-2016','FACTURADO'),(356,139,0.00,11600.00,11600.00,'Contado','COLONES',NULL,'10-08-2016','10-08-2016','FACTURADO'),(357,87,0.00,22850.00,22850.00,'Credito','COLONES',NULL,'10-08-2016','09-09-2016','FACTURADO'),(358,97,0.00,8500.00,8500.00,'Credito','COLONES',NULL,'10-08-2016','09-09-2016','FACTURADO'),(359,49,0.00,30200.00,30200.00,'Credito','COLONES',NULL,'10-08-2016','09-09-2016','FACTURADO'),(360,141,0.00,88000.00,88000.00,'Contado','COLONES',NULL,'10-08-2016','10-08-2016','FACTURADO'),(361,78,0.00,1512525.00,1512525.00,'Credito','COLONES',NULL,'10-08-2016','25-08-2016','FACTURADO'),(362,66,0.00,18300.00,18300.00,'Contado','COLONES',NULL,'10-08-2016','10-08-2016','FACTURADO'),(363,142,0.00,14000.00,14000.00,'Contado','COLONES',NULL,'11-08-2016','11-08-2016','FACTURADO'),(364,122,0.00,94500.00,94500.00,'Credito','COLONES',NULL,'11-08-2016','25-09-2016','FACTURADO'),(365,85,0.00,8100.00,8100.00,'Contado','COLONES',NULL,'11-08-2016','11-08-2016','FACTURADO'),(366,143,0.00,187700.00,187700.00,'Credito','COLONES',NULL,'11-08-2016','10-09-2016','FACTURADO'),(367,144,0.00,24300.00,24300.00,'Contado','COLONES',NULL,'11-08-2016','10-09-2016','FACTURADO'),(368,133,0.00,116400.00,116400.00,'Contado','COLONES',NULL,'12-08-2016','12-08-2016','FACTURADO'),(369,88,0.00,12400.00,12400.00,'Contado','COLONES',NULL,'12-08-2016','12-08-2016','FACTURADO'),(370,145,0.00,10400.00,10400.00,'Contado','COLONES',NULL,'12-08-2016','12-08-2016','FACTURADO'),(371,129,0.00,500.00,500.00,'Credito','DOLARES',NULL,'12-08-2016','11-09-2016','FACTURADO'),(372,54,0.00,95.00,95.00,'Credito','DOLARES',NULL,'12-08-2016','11-09-2016','FACTURADO'),(373,146,0.00,45500.00,45500.00,'Credito','COLONES',NULL,'12-08-2016','11-09-2016','FACTURADO'),(375,145,0.00,11150.00,11150.00,'Contado','COLONES',NULL,'12-08-2016','12-08-2016','FACTURADO'),(376,147,0.00,4800.00,4800.00,'Contado','COLONES',NULL,'12-08-2016','12-08-2016','FACTURADO'),(377,147,0.00,4800.00,4800.00,'Contado','COLONES',NULL,'12-08-2016','12-08-2016','FACTURADO'),(378,85,0.00,53100.00,53100.00,'Contado','COLONES',NULL,'12-08-2016','12-08-2016','FACTURADO'),(379,114,0.00,19200.00,19200.00,'Contado','COLONES',NULL,'12-08-2016','12-08-2016','FACTURADO'),(380,148,0.00,83400.00,83400.00,'Contado','COLONES',NULL,'12-08-2016','12-08-2016','FACTURADO'),(381,149,0.00,12000.00,12000.00,'Contado','COLONES',NULL,'17-08-2016','17-08-2016','FACTURADO'),(382,150,0.00,33400.00,33400.00,'Credito','COLONES',NULL,'17-08-2016','16-09-2016','FACTURADO'),(383,98,0.00,35700.00,35700.00,'Contado','COLONES',NULL,'17-08-2016','17-08-2016','FACTURADO'),(384,46,0.00,11200.00,11200.00,'Contado','COLONES',NULL,'17-08-2016','17-08-2016','FACTURADO'),(385,64,0.00,846.37,846.37,'Credito','DOLARES',NULL,'17-08-2016','16-09-2016','FACTURADO'),(386,151,0.00,17300.00,17300.00,'Contado','COLONES',NULL,'17-08-2016','17-08-2016','FACTURADO'),(387,125,0.00,45000.00,45000.00,'Contado','COLONES',NULL,'17-08-2016','17-08-2016','FACTURADO'),(388,114,0.00,4700.00,4700.00,'Contado','COLONES',NULL,'17-08-2016','17-08-2016','FACTURADO'),(389,148,0.00,8700.00,8700.00,'Contado','COLONES',NULL,'17-08-2016','17-08-2016','FACTURADO'),(390,152,0.00,12600.00,12600.00,'Contado','COLONES',NULL,'17-08-2016','17-08-2016','FACTURADO'),(391,82,0.00,56705.00,56705.00,'Contado','COLONES',NULL,'17-08-2016','17-08-2016','FACTURADO'),(392,114,0.00,90469.00,90469.00,'Contado','COLONES',NULL,'18-08-2016','18-08-2016','FACTURADO'),(393,89,0.00,47100.00,47100.00,'Credito','COLONES',NULL,'18-08-2016','18-08-2016','FACTURADO'),(394,73,0.00,189800.00,189800.00,'Contado','COLONES',NULL,'18-08-2016','18-08-2016','FACTURADO'),(395,153,0.00,60100.00,60100.00,'Credito','COLONES',NULL,'18-08-2016','17-09-2016','FACTURADO'),(396,153,0.00,62900.00,62900.00,'Contado','COLONES',NULL,'18-08-2016','18-08-2016','FACTURADO'),(397,154,0.00,8500.00,8500.00,'Contado','COLONES',NULL,'18-08-2016','18-08-2016','FACTURADO'),(398,125,0.00,17200.00,17200.00,'Contado','COLONES',NULL,'18-08-2016','18-08-2016','FACTURADO'),(399,62,0.00,8800.00,8800.00,'Credito','COLONES',NULL,'18-08-2016','17-09-2016','FACTURADO'),(400,155,0.00,7500.00,7500.00,'Contado','COLONES',NULL,'18-08-2016','18-08-2016','FACTURADO'),(401,54,0.00,38.00,38.00,'Credito','DOLARES',NULL,'18-08-2016','17-09-2016','FACTURADO'),(402,54,0.00,125.00,125.00,'Credito','DOLARES',NULL,'18-08-2016','17-09-2016','FACTURADO'),(403,85,0.00,4000.00,4000.00,'Contado','COLONES',NULL,'18-08-2016','18-08-2016','FACTURADO'),(404,150,0.00,17000.00,17000.00,'Credito','COLONES',NULL,'18-08-2016','18-08-2016','FACTURADO'),(405,88,0.00,15300.00,15300.00,'Credito','COLONES',NULL,'18-08-2016','17-09-2016','FACTURADO'),(406,156,0.00,15200.00,15200.00,'Contado','COLONES',NULL,'20-08-2016','20-08-2016','FACTURADO'),(407,114,0.00,21645.00,21645.00,'Contado','COLONES',NULL,'20-08-2016','20-08-2016','FACTURADO'),(408,125,0.00,1800.00,1800.00,'Contado','COLONES',NULL,'20-08-2016','20-08-2016','FACTURADO'),(410,98,0.00,8000.00,8000.00,'Contado','COLONES',NULL,'22-08-2016','22-08-2016','FACTURADO'),(411,157,0.00,660000.00,660000.00,'Contado','COLONES',NULL,'22-08-2016','22-08-2016','FACTURADO'),(412,95,0.00,10900.00,10900.00,'Contado','COLONES',NULL,'22-08-2016','22-08-2016','FACTURADO'),(413,155,0.00,42000.00,42000.00,'Contado','COLONES',NULL,'23-08-2016','23-08-2016','FACTURADO'),(414,158,0.00,19500.00,19500.00,'Contado','COLONES',NULL,'23-08-2016','23-08-2016','FACTURADO'),(415,85,0.00,13000.00,13000.00,'Contado','COLONES',NULL,'23-08-2016','23-08-2016','FACTURADO'),(416,55,0.00,149475.00,149475.00,'Contado','COLONES',NULL,'23-08-2016','23-08-2016','FACTURADO'),(417,159,0.00,4800.00,4800.00,'Contado','COLONES',NULL,'23-08-2016','23-08-2016','FACTURADO'),(418,160,0.00,8500.00,8500.00,'Contado','COLONES',NULL,'23-08-2016','23-08-2016','FACTURADO'),(419,60,0.00,15000.00,15000.00,'Contado','COLONES',NULL,'23-08-2016','23-08-2016','FACTURADO'),(421,89,0.00,4000.00,4000.00,'Credito','COLONES',NULL,'23-08-2016','23-08-2016','FACTURADO'),(423,144,0.00,13000.00,13000.00,'Credito','COLONES',NULL,'23-08-2016','23-08-2016','FACTURADO'),(424,45,0.00,97.50,97.50,'Credito','DOLARES',NULL,'23-08-2016','22-09-2016','FACTURADO'),(425,162,0.00,24500.00,24500.00,'Contado','COLONES',NULL,'24-08-2016','24-08-2016','FACTURADO'),(426,82,0.00,70800.00,70800.00,'Credito','COLONES',NULL,'24-08-2016','24-08-2016','FACTURADO'),(427,46,0.00,61000.00,61000.00,'Credito','COLONES',NULL,'24-08-2016','23-09-2016','FACTURADO'),(428,164,0.00,36000.00,36000.00,'Contado','COLONES',NULL,'24-08-2016','24-08-2016','FACTURADO'),(429,165,0.00,16400.00,16400.00,'Contado','COLONES',NULL,'24-08-2016','24-08-2016','FACTURADO'),(430,114,0.00,15640.00,15640.00,'Contado','COLONES',NULL,'24-08-2016','24-08-2016','FACTURADO'),(431,118,0.00,3000.00,3000.00,'Contado','COLONES',NULL,'24-08-2016','24-08-2016','FACTURADO'),(432,166,0.00,8400.00,8400.00,'Contado','COLONES',NULL,'24-08-2016','24-08-2016','FACTURADO'),(433,155,0.00,2000.00,2000.00,'Contado','COLONES',NULL,'24-08-2016','24-08-2016','FACTURADO'),(434,82,0.00,19260.00,19260.00,'Credito','COLONES',NULL,'24-08-2016','24-08-2016','FACTURADO'),(435,46,0.00,31700.00,31700.00,'Credito','COLONES',NULL,'25-08-2016','25-08-2016','FACTURADO'),(436,98,0.00,30000.00,30000.00,'Contado','COLONES',NULL,'25-08-2016','25-08-2016','CANCELADO'),(437,163,0.00,104500.00,104500.00,'Contado','COLONES',NULL,'25-08-2016','25-08-2016','CANCELADO'),(438,167,0.00,10400.00,10400.00,'Contado','COLONES',NULL,'25-08-2016','25-08-2016','FACTURADO'),(439,112,0.00,18300.00,18300.00,'Credito','COLONES',NULL,'26-08-2016','25-09-2016','FACTURADO'),(440,168,0.00,26500.00,26500.00,'Contado','COLONES',NULL,'26-08-2016','26-08-2016','FACTURADO'),(441,54,0.00,980.50,980.50,'Contado','COLONES',NULL,'26-08-2016','26-08-2016','FACTURADO'),(442,78,0.00,362000.00,362000.00,'Credito','COLONES',NULL,'26-08-2016','25-09-2016','FACTURADO'),(443,169,0.00,7700.00,7700.00,'Contado','COLONES',NULL,'26-08-2016','26-08-2016','FACTURADO'),(444,45,0.00,239.00,239.00,'Credito','DOLARES',NULL,'26-08-2016','25-09-2016','FACTURADO'),(445,160,0.00,4400.00,4400.00,'Contado','COLONES',NULL,'26-08-2016','26-08-2016','0'),(446,159,0.00,10700.00,10700.00,'Contado','COLONES',NULL,'26-08-2016','26-08-2016','FACTURADO'),(449,129,0.00,201.00,201.00,'Credito','DOLARES',NULL,'30-08-2016','29-09-2016','FACTURADO'),(450,78,0.00,877200.00,877200.00,'Credito','COLONES',NULL,'30-08-2016','29-09-2016','FACTURADO'),(451,155,0.00,15800.00,15800.00,'Contado','COLONES',NULL,'30-08-2016','30-08-2016','FACTURADO'),(452,44,0.00,227000.00,227000.00,'Contado','COLONES',NULL,'30-08-2016','30-08-2016','FACTURADO'),(453,108,0.00,108400.00,108400.00,'Credito','COLONES',NULL,'30-08-2016','29-09-2016','FACTURADO'),(454,118,0.00,16000.00,16000.00,'Contado','COLONES',NULL,'30-08-2016','30-08-2016','FACTURADO'),(455,170,0.00,25500.00,25500.00,'Contado','COLONES',NULL,'30-08-2016','30-08-2016','FACTURADO'),(456,171,0.00,24500.00,24500.00,'Contado','COLONES',NULL,'30-08-2016','30-08-2016','FACTURADO'),(457,91,0.00,18000.00,18000.00,'Contado','COLONES',NULL,'30-08-2016','30-08-2016','FACTURADO'),(458,172,0.00,40350.00,40350.00,'Contado','COLONES',NULL,'30-08-2016','30-08-2016','FACTURADO'),(459,163,0.00,59300.00,59300.00,'Contado','COLONES',NULL,'31-08-2016','31-08-2016','FACTURADO'),(460,88,0.00,44300.00,44300.00,'Credito','COLONES',NULL,'31-08-2016','30-09-2016','FACTURADO'),(461,121,0.00,16400.00,16400.00,'Credito','COLONES',NULL,'31-08-2016','08-09-2016','FACTURADO'),(462,165,0.00,2700.00,2700.00,'Contado','COLONES',NULL,'31-08-2016','31-08-2016','FACTURADO'),(463,114,0.00,13000.00,13000.00,'Contado','COLONES',NULL,'31-08-2016','31-08-2016','FACTURADO'),(464,148,0.00,20700.00,20700.00,'Contado','COLONES',NULL,'31-08-2016','31-08-2016','FACTURADO'),(465,173,0.00,37900.00,37900.00,'Contado','COLONES',NULL,'31-08-2016','31-08-2016','FACTURADO'),(466,162,0.00,9400.00,9400.00,'Contado','COLONES',NULL,'31-08-2016','31-08-2016','FACTURADO'),(467,174,0.00,59500.00,59500.00,'Contado','COLONES',NULL,'31-08-2016','31-08-2016','FACTURADO'),(468,133,0.00,415000.00,415000.00,'Credito','COLONES',NULL,'31-08-2016','30-09-2016','FACTURADO'),(469,125,0.00,11800.00,11800.00,'Contado','COLONES',NULL,'31-08-2016','31-08-2016','FACTURADO'),(470,91,0.00,13200.00,13200.00,'Contado','COLONES',NULL,'01-09-2016','01-09-2016','FACTURADO'),(471,44,0.00,94700.00,94700.00,'Credito','COLONES',NULL,'01-09-2016','01-10-2016','FACTURADO'),(472,175,0.00,833000.00,833000.00,'Credito','COLONES',NULL,'01-09-2016','01-10-2016','FACTURADO'),(473,65,0.00,31100.00,31100.00,'Contado','COLONES',NULL,'01-09-2016','01-09-2016','FACTURADO'),(474,176,0.00,31100.00,31100.00,'Contado','COLONES',NULL,'01-09-2016','01-09-2016','FACTURADO'),(475,177,0.00,18800.00,18800.00,'Contado','COLONES',NULL,'01-09-2016','01-09-2016','FACTURADO'),(476,178,0.00,34700.00,34700.00,'Contado','COLONES',NULL,'01-09-2016','01-09-2016','FACTURADO'),(477,45,0.00,658.50,658.50,'Credito','DOLARES',NULL,'02-09-2016','02-10-2016','FACTURADO'),(478,112,0.00,17100.00,17100.00,'Contado','COLONES',NULL,'02-09-2016','02-09-2016','FACTURADO'),(479,112,0.00,2925.00,2925.00,'Contado','COLONES',NULL,'02-09-2016','02-09-2016','FACTURADO'),(480,179,0.00,2700.00,2700.00,'Contado','COLONES',NULL,'03-09-2016','03-09-2016','CANCELADO'),(481,170,0.00,2550.00,2550.00,'Contado','COLONES',NULL,'03-09-2016','03-09-2016','0'),(482,170,0.00,2550.00,2550.00,'Contado','COLONES',NULL,'03-09-2016','03-09-2016','CANCELADO');
/*!40000 ALTER TABLE `comprobante` ENABLE KEYS */;
UNLOCK TABLES;

--
-- Table structure for table `comprobante_detalle`
--

DROP TABLE IF EXISTS `comprobante_detalle`;
/*!40101 SET @saved_cs_client     = @@character_set_client */;
/*!40101 SET character_set_client = utf8 */;
CREATE TABLE `comprobante_detalle` (
  `Comprobante_id` int(11) NOT NULL,
  `Producto_id` int(11) NOT NULL,
  `Presenta` varchar(20) CHARACTER SET utf8 DEFAULT NULL,
  `Cantidad` int(11) NOT NULL DEFAULT '0',
  `PrecioUnitario` decimal(10,2) NOT NULL DEFAULT '0.00',
  `Descuento` decimal(10,2) DEFAULT NULL,
  `Total` decimal(10,2) NOT NULL DEFAULT '0.00',
  KEY `FK_comprobante_detalle_comprobante` (`Comprobante_id`),
  KEY `FK_comprobante_detalle_producto` (`Producto_id`),
  CONSTRAINT `FK_comprobante_detalle_comprobante` FOREIGN KEY (`Comprobante_id`) REFERENCES `comprobante` (`id`) ON DELETE CASCADE ON UPDATE CASCADE,
  CONSTRAINT `FK_comprobante_detalle_producto` FOREIGN KEY (`Producto_id`) REFERENCES `producto` (`id`) ON DELETE NO ACTION ON UPDATE NO ACTION
) ENGINE=InnoDB DEFAULT CHARSET=utf8 COLLATE=utf8_spanish_ci;
/*!40101 SET character_set_client = @saved_cs_client */;

--
-- Dumping data for table `comprobante_detalle`
--

LOCK TABLES `comprobante_detalle` WRITE;
/*!40000 ALTER TABLE `comprobante_detalle` DISABLE KEYS */;
INSERT INTO `comprobante_detalle` VALUES (181,1070,'20 lts',1,128.50,0.00,128.50),(181,1006,'1 kg',1,19.00,0.00,19.00),(181,1006,'1 kg',1,19.00,0.00,19.00),(182,1123,'Rollo',1,17200.00,0.00,17200.00),(182,1006,'1 Litro',1,11121.00,0.00,11121.00),(182,1110,'3.5 Lts',1,36650.00,0.00,36650.00),(182,1007,'3.5 Lts',1,8200.00,0.00,8200.00),(183,1000,'1 Litro',6,4800.00,0.00,28800.00),(184,1123,'Rollo',1,17200.00,0.00,17200.00),(185,1003,'3.5 Lts',1,11900.00,0.00,11900.00),(185,1000,'3.5 Lts',1,14200.00,0.00,14200.00),(185,1000,'1 Litro',2,4700.00,0.00,9400.00),(185,1006,'1 kg',2,11200.00,0.00,22400.00),(185,1116,'45 kg',2,16500.00,0.00,33000.00),(187,1000,'1 Litro',1,5000.00,0.00,5000.00),(187,1003,'1 Litro',1,4000.00,0.00,4000.00),(187,1010,'1 Litro',1,12500.00,0.00,12500.00),(189,1011,'200 lts',1,260000.00,0.00,260000.00),(190,1124,'3.5 Lts',1,18000.00,0.00,18000.00),(190,1000,'3.5 Lts',1,14195.00,0.00,14195.00),(190,1003,'3.5 Lts',12205,1.00,0.00,12205.00),(190,1006,'1 kg',1,11125.00,0.00,11125.00),(190,1010,'undefined',2,11000.00,0.00,22000.00),(191,1070,'19 Lts',1,75100.00,3755.00,71345.00),(191,1052,'20 Lts',1,89200.00,4460.00,84740.00),(192,1125,'45 kg',1,18700.00,0.00,18700.00),(192,1126,'45 kg',1,14000.00,0.00,14000.00),(193,1127,'1 kg',1,6900.00,0.00,6900.00),(195,1118,'45 kg',1,13500.00,5.00,13500.00),(195,1103,'1 Litro',1,2900.00,5.00,2900.00),(196,1000,'3.5 Lts',1,14195.00,5.00,14195.00),(196,1003,'3.5 Lts',1,12205.00,5.00,12205.00),(196,1006,'1 kg',3,11121.00,5.00,33363.00),(197,1129,'45 kg',2,10700.00,3.00,21400.00),(197,1130,'45 kg',1,9800.00,3.00,9800.00),(197,1133,'25 kg',3,4105.00,3.00,12315.00),(197,1131,'25 kg',3,7800.00,3.00,23400.00),(197,1132,'25 kg',2,18700.00,3.00,37400.00),(197,1134,'25 kg',2,6800.00,3.00,13600.00),(199,1127,'1 kg',1,6900.00,0.00,6900.00),(200,1136,'5 Lts',1,46600.00,0.00,46600.00),(202,1138,'45 kg',33,20.00,0.00,660.00),(203,1000,'3.5 Lts',1,14200.00,0.00,14200.00),(203,1003,'3.5 Lts',1,12250.00,0.00,12250.00),(203,1124,'1 Litro',2,5600.00,0.00,11200.00),(203,1070,'1 Litro',1,4550.00,0.00,4550.00),(204,1127,'1 kg',1,6900.00,0.00,6900.00),(206,1147,'1 Litro',1,12400.00,0.00,12400.00),(209,1148,'45 kg',6,14000.00,0.00,84000.00),(210,1149,'15 kg',3,23850.00,0.00,71550.00),(210,1150,'45 kg',2,13000.00,0.00,26000.00),(211,1152,'3.5 Lts',1,35000.00,0.00,35000.00),(211,1152,'1 Litro',1,11000.00,0.00,11000.00),(211,1007,'3.5 Lts',1,9000.00,0.00,9000.00),(212,1153,'1 kg',3,7500.00,0.00,22500.00),(212,1148,'45 kg',1,14000.00,0.00,14000.00),(214,1003,'3.5 Lts',1,12200.00,0.00,12200.00),(215,1154,'2 kg',25,975.00,0.00,24375.00),(215,1155,'125 ml',40,200.00,0.00,8000.00),(216,1156,'3.5 Lts',1,7500.00,0.00,7500.00),(216,1157,'3.5 Lts',1,7500.00,0.00,7500.00),(217,1007,'19 Lts',1,35000.00,0.00,35000.00),(218,1099,'1 Litro',1,1500.00,0.00,1500.00),(219,1158,'45 kg',1,19000.00,0.00,19000.00),(220,1116,'45 kg',4,16450.00,0.00,65800.00),(221,1159,'1 Litro',1,2100.00,0.00,2100.00),(222,1011,'1 Litro',1,2500.00,0.00,2500.00),(222,1007,'1 Litro',1,3000.00,0.00,3000.00),(223,1007,'3.5 Lts',1,8500.00,0.00,8500.00),(224,1070,'3.5 Lts',1,15250.00,0.00,15250.00),(225,1143,'45 kg',10,8540.00,0.00,85400.00),(225,1145,'45 kg',8,7990.00,0.00,63920.00),(225,1142,'25 kg',10,5785.00,0.00,57850.00),(225,1133,'25 kg',10,3580.00,0.00,35800.00),(225,1191,'25 kg',1,5235.00,0.00,5235.00),(225,1191,'45 kg',3,21490.00,0.00,64470.00),(226,1124,'1 Litro',1,5600.00,0.00,5600.00),(226,1011,'3.5 Lts',1,8000.00,0.00,8000.00),(227,1000,'1 Litro',1,4800.00,0.00,4800.00),(227,1194,'1 Litro',1,4000.00,0.00,4000.00),(228,1206,'3.5 Lts',1,8000.00,0.00,8000.00),(228,1202,'10 g',4,10000.00,0.00,40000.00),(213,1222,'1 kg',5,3640.00,0.00,18200.00),(213,1217,'1 kg',1,6500.00,0.00,6500.00),(245,1007,'1 Litro',1,3000.00,0.00,3000.00),(245,1172,'45 kg',1,14000.00,0.00,14000.00),(246,1141,'45 kg',5,39.00,0.00,195.00),(246,1143,'45 kg',4,15.50,0.00,62.00),(246,1142,'25 kg',8,10.50,0.00,84.00),(246,1133,'25 kg',6,6.00,0.00,36.00),(246,1191,'25 kg',1,9.50,0.00,9.50),(246,1270,'25 kg',1,18.50,0.00,18.50),(246,1241,'3.5 Lts',1,27.10,0.00,27.10),(247,1263,'50 kg',10,4500.00,0.00,45000.00),(248,1141,'45 kg',7,22000.00,3.00,154000.00),(249,1242,'3.5 Lts',1,32.50,0.00,32.50),(250,1198,'3.5 Lts',2,8200.00,3.00,16400.00),(250,1241,'3.5 Lts',1,18200.00,3.00,18200.00),(252,1266,'45 kg',2,13000.00,0.00,26000.00),(252,1150,'45 kg',2,13000.00,0.00,26000.00),(252,1198,'3.5 Lts',1,8000.00,0.00,8000.00),(252,1070,'1 Litro',1,4550.00,0.00,4550.00),(253,1006,'1 kg',1,11200.00,5.00,11200.00),(253,1147,'1 Litro',3,12400.00,5.00,37200.00),(254,1194,'1 Litro',2,3900.00,0.00,7800.00),(254,1000,'1 Litro',2,4900.00,0.00,9800.00),(255,1164,'45 kg',7,12550.00,0.00,87850.00),(230,1241,'3.5 Lts',1,17000.00,0.00,17000.00),(231,1206,'3.5 Lts',1,8000.00,0.00,8000.00),(232,1130,'45 kg',1,8700.00,0.00,8700.00),(232,1241,'3.5 Lts',1,15800.00,0.00,15800.00),(233,1170,'1 Litro',1,5800.00,0.00,5800.00),(234,1232,'1 kg',1,7200.00,0.00,7200.00),(234,1152,'1 Litro',1,11000.00,0.00,11000.00),(234,1103,'1 Litro',1,0.00,0.00,0.00),(234,1258,'1 Litro',1,0.00,0.00,0.00),(234,1257,'1 Litro',1,0.00,0.00,0.00),(235,1197,'25 kg',1,490.00,0.00,490.00),(235,1193,'20 Lts',1,126.00,0.00,126.00),(235,1195,'19 Lts',1,106.00,0.00,106.00),(235,1196,'10 Lts',1,200.00,0.00,200.00),(235,1216,'20 Lts',1,95.00,0.00,95.00),(235,1213,'20 Lts',1,280.00,0.00,280.00),(235,1190,'20 Lts',1,130.00,0.00,130.00),(235,1052,'20 Lts',1,165.00,0.00,165.00),(235,1101,'25 kg',1,19.00,0.00,19.00),(235,1152,'1 Litro',3,18.00,0.00,54.00),(236,1127,'1 kg',1,6900.00,0.00,6900.00),(236,1095,'1 Litro',1,1800.00,0.00,1800.00),(237,1127,'1 kg',1,6900.00,0.00,6900.00),(238,1159,'1 Litro',12,2100.00,0.00,25200.00),(188,1221,'1 kg',1,4000.00,0.00,4000.00),(188,1231,'1 kg',1,5500.00,0.00,5500.00),(186,1190,'20 Lts',1,140.00,0.00,140.00),(240,1198,'3.5 Lts',1,8000.00,0.00,8000.00),(240,1201,'500 ml',1,4600.00,0.00,4600.00),(241,1147,'1 Litro',1,12400.00,0.00,12400.00),(241,1201,'500 ml',1,4600.00,0.00,4600.00),(242,1198,'3.5 Lts',1,8500.00,0.00,8500.00),(242,1261,'1 litro',1,3000.00,0.00,3000.00),(242,1257,'1 Litro',1,3000.00,0.00,3000.00),(243,1152,'1 Litro',1,11000.00,0.00,11000.00),(244,1269,'1 kg',1,6600.00,0.00,6600.00),(244,1217,'1 kg',1,6650.00,0.00,6650.00),(239,1172,'45 kg',2,14000.00,0.00,14000.00),(239,1198,'3.5 Lts',1,8000.00,0.00,8000.00),(207,1148,'45 kg',6,14000.00,0.00,84000.00),(208,1149,'10 Lts',3,23850.00,0.00,71550.00),(208,1150,'45 kg',2,13000.00,0.00,26000.00),(198,1199,'19 Lts',1,62.95,0.00,62.95),(256,1164,'45 kg',3,11500.00,0.00,34500.00),(256,1192,'3.5 Lts',1,14200.00,0.00,14200.00),(256,1003,'3.5 Lts',1,12250.00,0.00,12250.00),(257,1265,'5 kg',1,10500.00,2.00,10500.00),(257,1265,'5 kg',1,9000.00,2.00,9000.00),(257,1169,'3.5 Lts',2,7500.00,2.00,15000.00),(258,1271,'50 kg',6,7750.00,0.00,46500.00),(259,1180,'5 kg',1,4500.00,0.00,4500.00),(259,1202,'10 g',1,1000.00,0.00,1000.00),(260,1269,'1 kg',2,6900.00,0.00,13800.00),(261,1110,'1 Litro',1,11200.00,0.00,11200.00),(261,1143,'45 kg',1,10500.00,0.00,10500.00),(261,1089,'1 kg',2,1500.00,0.00,3000.00),(261,1272,'1 kg',2,500.00,0.00,1000.00),(261,1169,'3.5 Lts',1,7500.00,0.00,7500.00),(262,1198,'3.5 Lts',1,8500.00,0.00,8500.00),(262,1000,'1 Litro',1,5000.00,0.00,5000.00),(262,1194,'1 Litro',1,4000.00,0.00,4000.00),(263,1169,'3.5 Lts',1,7500.00,0.00,7500.00),(263,1273,'1 Litro',1,5000.00,0.00,5000.00),(264,1138,'45 kg',26,20.00,0.00,520.00),(265,1272,'1 kg',1,500.00,0.00,500.00),(265,1261,'1 kg',1,3000.00,0.00,3000.00),(266,1123,'Rollo',1,17200.00,0.00,17200.00),(267,1147,'1 Litro',1,12400.00,0.00,12400.00),(267,1006,'1 kg',1,11200.00,0.00,11200.00),(267,1194,'1 Litro',1,3850.00,0.00,3850.00),(268,1010,'1 Litro',1,12250.00,0.00,12250.00),(268,1147,'1 Litro',1,12400.00,0.00,12400.00),(268,1006,'1 kg',1,11200.00,0.00,11200.00),(269,1203,'3.5 Lts',1,8000.00,0.00,8000.00),(269,1159,'1 Litro',4,2000.00,0.00,8000.00),(270,1138,'45 kg',1,11000.00,0.00,11000.00),(271,1198,'3.5 Lts',1,9000.00,0.00,9000.00),(272,1123,'Rollo',1,17200.00,0.00,17200.00),(274,1201,'500 ml',2,4600.00,5.00,9200.00),(275,1006,'1 kg',8,19.00,0.00,152.00),(275,1173,'19 Lts',1,125.00,0.00,125.00),(275,1190,'20 Lts',1,135.00,0.00,135.00),(275,1143,'45 kg',15,14.13,0.00,211.95),(275,1142,'25 kg',15,8.95,0.00,134.25),(275,1133,'25 kg',15,5.25,0.00,78.75),(276,1200,'250 ml',1,2700.00,0.00,2700.00),(276,1274,'20 Lts',1,65000.00,0.00,65000.00),(277,1169,'3.5 Lts',1,8500.00,0.00,8500.00),(278,1275,'2 kg',1,8500.00,0.00,8500.00),(279,1268,'2 kg',25,975.00,0.00,24375.00),(279,1160,'2 kg',25,975.00,0.00,24375.00),(279,1161,'2 kg',25,975.00,0.00,24375.00),(279,1162,'2 kg',25,975.00,0.00,24375.00),(280,1172,'45 kg',1,14000.00,0.00,14000.00),(280,1150,'45 kg',1,13000.00,0.00,13000.00),(280,1148,'45 kg',1,13000.00,0.00,13000.00),(280,1089,'25 kg',1,23100.00,0.00,23100.00),(281,1145,'45 kg',1,9500.00,0.00,9500.00),(281,1143,'45 kg',1,10000.00,0.00,10000.00),(281,1142,'25 kg',5,5650.00,0.00,28250.00),(281,1133,'25 kg',5,3500.00,0.00,17500.00),(281,1248,'1 kg',1,700.00,0.00,700.00),(281,1258,'1 Litro',5,2900.00,0.00,14500.00),(281,1257,'1 Litro',5,2900.00,0.00,14500.00),(282,1173,'19 Lts',1,125.00,0.00,125.00),(284,1271,'50 kg',3,7750.00,0.00,23250.00),(284,1011,'1 Litro',1,3000.00,0.00,3000.00),(285,1011,'1 Litro',1,2950.00,0.00,2950.00),(285,1202,'10 g',1,1000.00,0.00,1000.00),(286,1232,'1 kg',1,8000.00,0.00,8000.00),(286,1179,'50 kg',3,2700.00,0.00,8100.00),(286,1103,'1 Litro',1,0.00,0.00,0.00),(287,1141,'45 kg',10,42.50,0.00,425.00),(287,1141,'45 kg',1,0.00,0.00,0.00),(288,1198,'3.5 Lts',1,9000.00,0.00,9000.00),(289,1007,'1 Litro',1,3000.00,0.00,3000.00),(290,1007,'1 Litro',1,2700.00,0.00,2700.00),(291,1275,'2 kg',1,8000.00,0.00,8000.00),(291,1143,'10 Lts',1,10500.00,0.00,10500.00),(292,1282,'1 Litro',1,4000.00,0.00,4000.00),(292,1116,'45 kg',1,13500.00,0.00,13500.00),(292,1150,'45 kg',5,13700.00,0.00,68500.00),(292,1095,'1 Litro',1,1800.00,0.00,1800.00),(292,1089,'1 kg',1,1350.00,0.00,1350.00),(292,1221,'1 kg',1,4000.00,0.00,4000.00),(293,1273,'1 Litro',1,5000.00,0.00,5000.00),(294,1201,'1 Litro',1,4600.00,0.00,4600.00),(294,1169,'3.5 Lts',1,8500.00,0.00,8500.00),(294,1275,'2 kg',1,8500.00,0.00,8500.00),(294,1064,'500 G',2,0.00,0.00,0.00),(295,1007,'1 Litro',1,2900.00,0.00,2900.00),(296,1277,'50 kg',15,4750.00,0.00,71250.00),(296,1149,'15 kg',1,28650.00,0.00,28650.00),(296,1232,'1 kg',1,8500.00,0.00,8500.00),(296,1148,'45 kg',2,13200.00,0.00,26400.00),(297,1150,'45 kg',1,13700.00,0.00,13700.00),(298,1103,'1 Litro',1,3000.00,0.00,3000.00),(298,1115,'1 Litro',1,7800.00,0.00,7800.00),(298,1283,'1 Litro',1,3000.00,0.00,3000.00),(300,1011,'1 Litro',1,2700.00,0.00,2700.00),(300,1202,'10 g',1,1100.00,0.00,1100.00),(301,1116,'45 kg',4,16500.00,0.00,66000.00),(301,1142,'25 kg',2,5800.00,0.00,11600.00),(301,1133,'25 kg',2,3800.00,0.00,7600.00),(301,1269,'1 kg',2,6600.00,0.00,13200.00),(301,1215,'3.5 Lts',1,12000.00,0.00,12000.00),(301,1141,'45 kg',1,23800.00,0.00,23800.00),(302,1284,'45 kg',2,12900.00,0.00,25800.00),(303,1199,'19 Lts',1,33500.00,0.00,33500.00),(303,1201,'500 ml',2,4600.00,0.00,9200.00),(303,1278,'3.5 Lts',1,3500.00,0.00,3500.00),(304,1133,'25 kg',3,4100.00,3.00,12300.00),(304,1142,'25 kg',5,5625.00,3.00,28125.00),(304,1145,'45 kg',3,8150.00,3.00,24450.00),(304,1143,'45 kg',3,8600.00,3.00,25800.00),(304,1131,'25 kg',3,7800.00,3.00,23400.00),(305,1179,'50 kg',2,2700.00,0.00,5400.00),(306,1285,'45 kg',1,13000.00,0.00,13000.00),(307,1169,'3.5 Lts',1,8500.00,0.00,8500.00),(307,1285,'45 kg',2,13000.00,0.00,26000.00),(307,1286,'15 kg',14,2300.00,0.00,32200.00),(308,1285,'45 kg',1,13000.00,0.00,13000.00),(308,1203,'3.5 Lts',1,7200.00,0.00,7200.00),(310,1198,'3.5 Lts',1,8200.00,0.00,8200.00),(311,1003,'3.5 Lts',1,12250.00,0.00,12250.00),(311,1192,'3.5 Lts',1,14200.00,0.00,14200.00),(311,1006,'1 kg',2,11200.00,0.00,22400.00),(312,1145,'45 kg',1,9500.00,0.00,9500.00),(313,1198,'3.5 Lts',1,8200.00,0.00,8200.00),(314,1198,'3.5 Lts',1,8200.00,0.00,8200.00),(314,1169,'3.5 Lts',1,8500.00,0.00,8500.00),(314,1095,'1 Litro',1,1800.00,0.00,1800.00),(315,1277,'50 kg',6,4600.00,0.00,27600.00),(315,1198,'3.5 Lts',2,8200.00,0.00,16400.00),(315,1201,'500 ml',2,4600.00,0.00,9200.00),(315,1278,'3.5 Lts',1,3500.00,0.00,3500.00),(315,1232,'1 kg',1,7500.00,0.00,7500.00),(316,1007,'1 Litro',12,2900.00,0.00,34800.00),(316,1198,'3.5 Lts',6,8900.00,0.00,53400.00),(316,1011,'1 Litro',12,2700.00,0.00,32400.00),(316,1268,'2 kg',12,975.00,0.00,11700.00),(316,1161,'2 kg',12,975.00,0.00,11700.00),(316,1288,'2 kg',12,975.00,0.00,11700.00),(316,1162,'2 kg',12,975.00,0.00,11700.00),(316,1160,'2 kg',12,975.00,0.00,11700.00),(317,1284,'45 kg',10,11500.00,0.00,115000.00),(317,1143,'45 kg',2,10000.00,0.00,20000.00),(317,1133,'25 kg',4,3500.00,0.00,14000.00),(317,1131,'25 kg',1,8300.00,0.00,8300.00),(317,1191,'25 kg',1,5300.00,0.00,5300.00),(317,1270,'25 kg',1,12100.00,0.00,12100.00),(317,1142,'25 kg',6,5650.00,0.00,33900.00),(318,1285,'45 kg',10,13000.00,0.00,130000.00),(318,1289,'45 kg',1,13500.00,0.00,13500.00),(320,1198,'3.5 Lts',3,8200.00,0.00,24600.00),(320,1206,'3.5 Lts',1,7600.00,0.00,7600.00),(320,1095,'1 Litro',1,1800.00,0.00,1800.00),(321,1199,'20 Lts',1,36000.00,0.00,36000.00),(322,1143,'45 kg',1,10500.00,0.00,10500.00),(322,1142,'25 kg',1,5800.00,0.00,5800.00),(322,1133,'25 kg',1,3900.00,0.00,3900.00),(322,1089,'25 kg',1,23100.00,0.00,23100.00),(322,1191,'25 kg',1,5700.00,0.00,5700.00),(322,1087,'25 kg',1,12700.00,0.00,12700.00),(322,1006,'1 kg',1,11500.00,0.00,11500.00),(322,1290,'25 kg',1,12900.00,0.00,12900.00),(324,1138,'45 kg',3,15000.00,0.00,45000.00),(324,1261,'45 kg',1,3400.00,0.00,3400.00),(326,1285,'45 kg',1,13000.00,0.00,13000.00),(326,1138,'45 kg',1,15000.00,0.00,15000.00),(326,1232,'1 kg',1,7500.00,0.00,7500.00),(327,1198,'3.5 Lts',1,8200.00,5.00,8200.00),(327,1201,'500 ml',2,4600.00,10.00,9200.00),(328,1203,'3.5 Lts',1,7200.00,3.00,7200.00),(328,1130,'45 kg',1,10500.00,3.00,10500.00),(328,1142,'25 kg',1,5800.00,3.00,5800.00),(328,1133,'25 kg',1,3800.00,3.00,3800.00),(328,1273,'1 Litro',1,5000.00,3.00,5000.00),(328,1269,'1 kg',1,6800.00,3.00,6800.00),(328,1214,'1 Litro',1,4500.00,3.00,4500.00),(328,1070,'1 Litro',1,5000.00,3.00,5000.00),(328,1284,'45 kg',3,13500.00,3.00,40500.00),(329,1003,'3.5 Lts',1,12250.00,0.00,12250.00),(329,1142,'25 kg',2,5650.00,0.00,11300.00),(330,1289,'45 kg',1,13000.00,0.00,13000.00),(331,1232,'1 kg',1,8500.00,0.00,8500.00),(331,1095,'1 Litro',1,1800.00,0.00,1800.00),(332,1149,'15 kg',1,27500.00,0.00,27500.00),(333,1266,'45 kg',10,14500.00,0.00,145000.00),(333,1143,'45 kg',10,8600.00,3.00,86000.00),(333,1142,'25 kg',10,5825.00,3.00,58250.00),(333,1133,'25 kg',10,3295.00,3.00,32950.00),(333,1112,'20 Lts',1,43900.00,0.00,43900.00),(334,1208,'1 Litro',1,4500.00,0.00,4500.00),(334,1095,'1 Litro',1,1800.00,0.00,1800.00),(334,1200,'250 ml',2,2600.00,0.00,5200.00),(335,1241,'3.5 Lts',2,18200.00,0.00,36400.00),(336,1291,'200 lts',1,1210.00,0.00,1210.00),(337,1269,'1 kg',2,6600.00,0.00,13200.00),(338,1011,'1 Litro',1,2500.00,0.00,2500.00),(339,1206,'3.5 Lts',1,7600.00,0.00,7600.00),(339,1203,'3.5 Lts',1,7200.00,0.00,7200.00),(339,1095,'1 Litro',1,1800.00,0.00,1800.00),(340,1198,'3.5 Lts',1,8200.00,0.00,8200.00),(341,1242,'3,785 Lts',1,18000.00,0.00,18000.00),(342,1211,'18 Lts',1,58200.00,0.00,58200.00),(343,1133,'25 kg',2,4105.00,0.00,8210.00),(343,1152,'1 Litro',1,11000.00,0.00,11000.00),(343,1142,'25 kg',1,5600.00,0.00,5600.00),(343,1143,'45 kg',1,9000.00,0.00,9000.00),(350,1179,'50 kg',40,2400.00,0.00,96000.00),(350,1169,'3.5 Lts',1,8500.00,0.00,8500.00),(350,1198,'3.5 Lts',4,8200.00,0.00,32800.00),(351,1285,'45 kg',1,13000.00,0.00,13000.00),(351,1209,'3.5 Lts',1,13800.00,0.00,13800.00),(351,1202,'10 g',3,1100.00,0.00,3300.00),(351,1103,'1 Litro',1,3000.00,0.00,3000.00),(344,1198,'3.5 Lts',1,8200.00,0.00,8200.00),(345,1198,'3.5 Lts',1,8400.00,0.00,8400.00),(345,1206,'3.5 Lts',1,7600.00,0.00,7600.00),(348,1173,'19 Lts',1,125.00,0.00,125.00),(348,1319,'1 kg',2,16.00,0.00,32.00),(346,1003,'3.5 Lts',1,12500.00,0.00,12500.00),(346,1192,'3.5 Lts',1,14500.00,0.00,14500.00),(349,1142,'25 kg',7,8.95,0.00,62.65),(349,1133,'25 kg',10,5.25,0.00,52.50),(349,1006,'1 kg',5,19.00,0.00,95.00),(349,1319,'1 kg',4,16.00,0.00,64.00),(349,1193,'20 lts',1,118.68,0.00,118.60),(349,1195,'10 Lts',1,50.25,0.00,50.25),(349,1145,'45 kg',5,13.00,0.00,65.00),(349,1190,'20 Lts',1,135.00,0.00,135.00),(349,1087,'25 kg',1,19.50,0.00,19.50),(349,1191,'25 kg',1,8.50,0.00,8.50),(352,1143,'45 kg',2,9500.00,0.00,19000.00),(352,1157,'3.5 Lts',1,7500.00,0.00,7500.00),(353,1152,'1 Litro',1,11000.00,0.00,11000.00),(354,1203,'3.5 Lts',6,7500.00,0.00,45000.00),(355,1285,'45 kg',1,13000.00,0.00,13000.00),(356,1170,'1 Litro',2,5800.00,0.00,11600.00),(357,1248,'1 kg',1,0.00,0.00,0.00),(357,1103,'1 Litro',1,0.00,0.00,0.00),(357,1095,'1 Litro',1,1800.00,0.00,1800.00),(357,1099,'1 Litro',1,1850.00,0.00,1850.00),(357,1227,'1 Litro',4,4800.00,0.00,19200.00),(358,1321,'25 kg',1,8500.00,0.00,8500.00),(359,1215,'3.5 Lts',1,12000.00,0.00,12000.00),(359,1269,'1 kg',2,6600.00,0.00,13200.00),(359,1273,'1 Litro',1,5000.00,0.00,5000.00),(360,1322,'50 kg',8,7500.00,0.00,60000.00),(360,1149,'15 kg',1,28000.00,0.00,28000.00),(361,1323,'5 kg',3,36650.00,0.00,109950.00),(361,1324,'5 kg',30,45875.00,0.00,1376250.00),(361,1316,'1 kg',3,8775.00,0.00,26325.00),(362,1241,'3.5 Lts',1,18300.00,3.00,18300.00),(363,1284,'45 kg',1,14000.00,0.00,14000.00),(364,1285,'45 kg',7,13500.00,0.00,94500.00),(365,1142,'25 kg',1,5800.00,0.00,5800.00),(365,1180,'2 kg',1,2300.00,0.00,2300.00),(366,1120,'45 kg',7,15500.00,0.00,108500.00),(366,1145,'45 kg',5,9500.00,0.00,47500.00),(366,1326,'1 Litro',1,8700.00,0.00,8700.00),(366,1203,'3.5 Lts',1,7500.00,0.00,7500.00),(366,1198,'3.5 Lts',1,8000.00,0.00,8000.00),(366,1206,'3.5 Lts',1,7500.00,0.00,7500.00),(367,1169,'3.5 Lts',1,7500.00,0.00,7500.00),(367,1087,'25 kg',1,12100.00,0.00,12100.00),(367,1277,'25 kg',1,4700.00,0.00,4700.00),(371,1199,'19 Lts',10,50.00,0.00,500.00),(372,1006,'1 kg',5,19.00,0.00,95.00),(373,1277,'50 kg',10,4550.00,0.00,45500.00),(368,1210,'0',2,58200.00,0.00,116400.00),(369,1330,'0',1,1500.00,0.00,1500.00),(369,1261,'',1,3400.00,0.00,3400.00),(369,1232,'',1,7500.00,0.00,7500.00),(370,1179,'0',4,2600.00,0.00,10400.00),(375,1232,'1 kg',1,7500.00,0.00,7500.00),(375,1095,'1 Litro',1,1800.00,0.00,1800.00),(375,1099,'1 Litro',1,1850.00,0.00,1850.00),(376,1194,'50 kg',1,4800.00,0.00,4800.00),(377,1194,'1 Litro',1,4800.00,0.00,4800.00),(378,1294,'1 Litro',2,6000.00,0.00,12000.00),(378,1169,'3.5 Lts',1,7500.00,0.00,7500.00),(378,1248,'1 kg',2,0.00,0.00,0.00),(378,1115,'1 Litro',2,11000.00,0.00,22000.00),(378,1251,'1 Litro',1,8000.00,0.00,8000.00),(378,1095,'1 Litro',2,1800.00,0.00,3600.00),(379,1263,'50 kg',4,4800.00,0.00,19200.00),(380,1145,'45 kg',3,9500.00,0.00,28500.00),(380,1285,'45 kg',3,13500.00,0.00,40500.00),(380,1263,'50 kg',3,4800.00,0.00,14400.00),(381,1143,'45 kg',1,10200.00,0.00,10200.00),(381,1095,'1 Litro',1,1800.00,0.00,1800.00),(382,1198,'3.5 Lts',1,8200.00,0.00,8200.00),(382,1326,'1 Litro',2,8800.00,0.00,17600.00),(382,1170,'1 Litro',1,5800.00,0.00,5800.00),(382,1095,'1 Litro',1,1800.00,0.00,1800.00),(383,1231,'1 kg',1,6000.00,0.00,6000.00),(383,1095,'1 Litro',1,1800.00,0.00,1800.00),(383,1214,'1 Litro',1,3500.00,0.00,3500.00),(383,1070,'1 Litro',1,4900.00,0.00,4900.00),(383,1331,'1 Litro',1,19500.00,0.00,19500.00),(384,1124,'1 Litro',2,5600.00,0.00,11200.00),(385,1003,'3.5 Lts',1,22.60,0.00,22.60),(385,1192,'3.5 Lts',1,26.20,0.00,26.20),(385,1010,'1 Litro',2,22.60,0.00,45.20),(385,1006,'1 kg',2,21.60,0.00,43.20),(385,1190,'20 Lts',1,138.50,0.00,138.50),(385,1215,'45 kg',1,22.14,0.00,22.14),(385,1214,'1 Litro',1,7.93,0.00,7.93),(385,1189,'5 Lts',1,69.50,0.00,69.50),(385,1242,'3.5 Lts',2,32.50,0.00,65.00),(385,1141,'45 kg',5,39.00,0.00,195.00),(385,1143,'45 kg',4,15.50,0.00,62.00),(385,1142,'25 kg',8,10.50,0.00,84.00),(385,1133,'25 kg',5,6.00,0.00,30.00),(385,1241,'3.5 Lts',1,27.10,0.00,27.10),(385,1208,'1 Litro',1,8.00,0.00,8.00),(386,1007,'3.5 Lts',1,8500.00,0.00,8500.00),(386,1326,'1 Litro',1,8800.00,0.00,8800.00),(387,1332,'3.5 Lts',1,20000.00,0.00,20000.00),(387,1198,'3.5 Lts',2,8200.00,0.00,16400.00),(387,1326,'1 Litro',1,8600.00,0.00,8600.00),(388,1263,'45 kg',1,4700.00,0.00,4700.00),(389,1326,'1 Litro',1,8700.00,0.00,8700.00),(390,1289,'45 kg',1,12600.00,0.00,12600.00),(391,1157,'3.5 Lts',2,7500.00,0.00,15000.00),(391,1112,'20 Lts',1,41705.00,0.00,41705.00),(392,1333,'',7,4572.00,0.00,32004.00),(392,1334,'',1,5395.00,0.00,5395.00),(392,1336,'',2,570.00,0.00,1140.00),(392,1337,'',1,4950.00,0.00,4950.00),(392,1338,'',3,855.00,0.00,2565.00),(392,1339,'',3,4185.00,0.00,12555.00),(392,1335,'',12,2655.00,0.00,31860.00),(393,1323,'5 kg',1,42500.00,0.00,42500.00),(393,1070,'1 Litro',1,4600.00,0.00,4600.00),(394,1193,'20 Lts',1,81600.00,0.00,81600.00),(394,1195,'19 Lts',1,63400.00,0.00,63400.00),(394,1006,'1 kg',4,11200.00,0.00,44800.00),(395,1327,'0',2,1200.00,0.00,2400.00),(395,1322,'50 kg',3,7800.00,0.00,23400.00),(395,1292,'45 kg',1,12500.00,0.00,12500.00),(395,1332,'3.5 Lts',1,20000.00,0.00,20000.00),(395,1095,'1 Litro',1,1800.00,0.00,1800.00),(396,1179,'50 kg',2,2700.00,0.00,5400.00),(396,1286,'15 kg',6,2300.00,0.00,13800.00),(396,1221,'1 kg',1,4000.00,0.00,4000.00),(396,1231,'1 kg',1,6500.00,0.00,6500.00),(396,1169,'3.5 Lts',1,8500.00,0.00,8500.00),(396,1198,'3.5 Lts',2,8200.00,0.00,16400.00),(396,1095,'1 Litro',1,1800.00,0.00,1800.00),(396,1294,'1 Litro',1,6500.00,0.00,6500.00),(397,1169,'3.5 Lts',1,8500.00,0.00,8500.00),(398,1326,'1 Litro',2,8600.00,0.00,17200.00),(399,1326,'1 Litro',1,8800.00,0.00,8800.00),(400,1214,'1 Litro',1,4500.00,0.00,4500.00),(400,1007,'1 Litro',1,3000.00,0.00,3000.00),(401,1307,'1 kg',1,16.00,0.00,16.00),(401,1269,'1 kg',2,11.00,0.00,22.00),(402,1173,'19 Lts',1,125.00,0.00,125.00),(403,1007,'1 Litro',1,3000.00,0.00,3000.00),(403,1202,'10 g',1,1000.00,0.00,1000.00),(404,1326,'1 Litro',1,8800.00,0.00,8800.00),(404,1198,'3.5 Lts',1,8200.00,0.00,8200.00),(405,1309,'3.5 Lts',1,6500.00,0.00,6500.00),(405,1326,'1 Litro',1,8800.00,0.00,8800.00),(406,1160,'2 kg',2,1300.00,0.00,2600.00),(406,1161,'2 kg',2,1300.00,0.00,2600.00),(406,1154,'2 kg',2,1300.00,0.00,2600.00),(406,1162,'2 kg',2,1300.00,0.00,2600.00),(406,1180,'2 kg',1,2200.00,0.00,2200.00),(406,1089,'1 kg',2,1300.00,0.00,2600.00),(407,1335,'0',5,2655.00,0.00,13275.00),(407,1339,'',2,4185.00,0.00,8370.00),(408,1095,'1 Litro',1,1800.00,0.00,1800.00),(410,1198,'3.5 Lts',1,8000.00,0.00,8000.00),(411,1161,'2 kg',150,825.00,0.00,123750.00),(411,1340,'2 kg',150,825.00,0.00,123750.00),(411,1160,'2 kg',500,825.00,0.00,412500.00),(412,1127,'1 kg',1,6900.00,0.00,6900.00),(412,1202,'100 g',4,1000.00,0.00,4000.00),(412,1127,'1 kg',1,6900.00,0.00,6900.00),(412,1202,'100 g',4,1000.00,0.00,4000.00),(413,1007,'1 Litro',1,3000.00,0.00,3000.00),(413,1341,'45 kg',1,15000.00,0.00,15000.00),(413,1141,'45 kg',1,24000.00,0.00,24000.00),(410,1198,'3.5 Lts',1,8000.00,0.00,8000.00),(414,1070,'3.5 Lts',1,15000.00,0.00,15000.00),(414,1251,'1 Litro',1,4500.00,0.00,4500.00),(415,1070,'1 Litro',1,5000.00,0.00,5000.00),(415,1231,'1 kg',1,8000.00,0.00,8000.00),(416,1161,'2 kg',25,985.00,0.00,24625.00),(416,1160,'2 kg',25,985.00,0.00,24625.00),(416,1154,'2 kg',25,985.00,0.00,24625.00),(416,1180,'2 kg',10,2000.00,0.00,20000.00),(416,1288,'2 kg',10,985.00,0.00,9850.00),(416,1306,'5 kg',10,2300.00,0.00,23000.00),(416,1267,'5 kg',10,2275.00,0.00,22750.00),(417,1200,'250 ml',2,2400.00,0.00,4800.00),(418,1198,'3.5 Lts',1,8500.00,0.00,8500.00),(419,1295,'45 kg',1,12000.00,0.00,12000.00),(419,1103,'1 Litro',1,3000.00,0.00,3000.00),(421,1160,'2 kg',1,1600.00,0.00,1600.00),(421,1306,'5 kg',1,2400.00,0.00,2400.00),(423,1284,'45 kg',1,13000.00,0.00,13000.00),(424,1321,'25 kg',10,9.75,0.00,97.50),(435,1170,'0',1,5800.00,0.00,5800.00),(435,1070,'',2,4550.00,0.00,9100.00),(435,1124,'',1,5600.00,0.00,5600.00),(435,1110,'0',1,11200.00,0.00,11200.00),(434,1311,'45 kg',1,11050.00,0.00,11050.00),(434,1133,'25 kg',2,4105.00,0.00,8210.00),(433,1095,'1 Litro',1,2000.00,0.00,2000.00),(432,1011,'1 Litro',1,2800.00,0.00,2800.00),(432,1200,'250 ml',2,2800.00,0.00,5600.00),(431,1261,'1 Litro',1,3000.00,0.00,3000.00),(430,1342,'0',2,1620.00,0.00,3240.00),(430,1263,'50 kg',2,4700.00,0.00,9400.00),(430,1261,'1 Litro',1,3000.00,0.00,3000.00),(429,1198,'3.5 Lts',2,8200.00,0.00,16400.00),(428,1200,'250 ml',4,2200.00,0.00,8800.00),(428,1198,'3.5 Lts',2,8200.00,0.00,16400.00),(428,1011,'1 Litro',4,1800.00,0.00,7200.00),(428,1095,'1 Litro',2,1800.00,0.00,3600.00),(427,1000,'1 Litro',2,5000.00,0.00,10000.00),(427,1194,'1 Litro',2,4000.00,0.00,8000.00),(427,1214,'1 Litro',1,4500.00,0.00,4500.00),(427,1189,'5 Lts',1,38500.00,0.00,38500.00),(426,1141,'45 kg',1,23000.00,0.00,23000.00),(426,1006,'1 kg',3,11200.00,0.00,33600.00),(426,1192,'3.5 Lts',1,14200.00,0.00,14200.00),(425,1289,'45 kg',2,12250.00,0.00,24500.00),(436,1255,'1 Litro',1,7400.00,0.00,7400.00),(436,1238,'1 Litro',1,17600.00,0.00,17600.00),(436,1200,'250 ml',2,2500.00,0.00,5000.00),(437,1289,'45 kg',3,13000.00,0.00,39000.00),(437,1284,'45 kg',3,13500.00,0.00,40500.00),(437,1179,'25 kg',10,2500.00,0.00,25000.00),(438,1343,'5 kg',1,4200.00,0.00,4200.00),(438,1070,'1 Litro',1,4600.00,0.00,4600.00),(438,1308,'250 ml',1,1600.00,0.00,1600.00),(439,1180,'2 kg',1,1800.00,0.00,1800.00),(439,1103,'1 Litro',1,3000.00,0.00,3000.00),(439,1261,'1 Litro',1,2900.00,0.00,2900.00),(439,1095,'1 Litro',1,1800.00,0.00,1800.00),(439,1344,'0',1,1300.00,0.00,1300.00),(439,1007,'1 Litro',1,2700.00,0.00,2700.00),(439,1000,'1 Litro',1,4800.00,0.00,4800.00),(440,1198,'3.5 Lts',1,8200.00,0.00,8200.00),(440,1200,'250 ml',2,2700.00,0.00,5400.00),(440,1232,'1 kg',1,8000.00,0.00,8000.00),(440,1248,'1 kg',1,700.00,0.00,700.00),(440,1214,'1 Litro',1,3000.00,0.00,3000.00),(440,1308,'125 ml',1,1200.00,0.00,1200.00),(441,1116,'45 kg',37,26.50,0.00,980.50),(201,1137,'45 kg',1,23000.00,NULL,23000.00),(444,1347,'5 Lts',2,119.50,0.00,239.00),(443,1011,'1 Litro',1,2700.00,0.00,2700.00),(443,1000,'1 Litro',1,5000.00,0.00,5000.00),(442,1211,'18 Lts',5,62800.00,0.00,314000.00),(442,1202,'10 g',60,800.00,0.00,48000.00),(446,1253,'250 ml',1,2400.00,0.00,2400.00),(446,1221,'1 kg',1,4000.00,0.00,4000.00),(446,1214,'1 Litro',1,4300.00,0.00,4300.00),(445,1202,'10 g',4,1100.00,0.00,4400.00),(458,1007,'1 Litro',1,3000.00,0.00,3000.00),(458,1149,'15 kg',1,24850.00,0.00,24850.00),(458,1284,'45 kg',1,12500.00,0.00,12500.00),(458,1248,'1 kg',1,0.00,0.00,0.00),(449,1195,'19 Lts',1,85.00,0.00,85.00),(449,1193,'20 Lts',1,116.00,0.00,116.00),(450,1292,'45 kg',4,11300.00,0.00,45200.00),(450,1285,'45 kg',80,10400.00,0.00,832000.00),(451,1124,'1 Litro',2,5600.00,0.00,11200.00),(451,1070,'1 Litro',1,4600.00,0.00,4600.00),(452,1052,'20 Lts',1,89200.00,0.00,89200.00),(452,1173,'20 Lts',1,75100.00,0.00,75100.00),(452,1241,'3.5 Lts',1,18200.00,3.00,18200.00),(452,1143,'45 kg',5,8900.00,3.00,44500.00),(453,1244,'20 Lts',1,28000.00,0.00,28000.00),(453,1348,'3.5 Lts',1,13900.00,0.00,13900.00),(453,1242,'3.5 Lts',2,18000.00,0.00,36000.00),(453,1249,'3.5 Lts',2,15250.00,0.00,30500.00),(454,1232,'1 Litro',1,7200.00,0.00,7200.00),(454,1214,'1 Litro',1,4000.00,0.00,4000.00),(454,1261,'1 Litro',1,3000.00,0.00,3000.00),(454,1095,'1 Litro',1,1800.00,0.00,1800.00),(459,1221,'1 kg',2,4300.00,0.00,8600.00),(459,1221,'1 Litro',1,11200.00,0.00,11200.00),(459,1289,'45 kg',2,13000.00,0.00,26000.00),(459,1179,'50 kg',5,2500.00,0.00,12500.00),(459,1133,'1 kg',2,500.00,0.00,1000.00),(457,1194,'1 Litro',1,4000.00,0.00,4000.00),(457,1000,'1 Litro',1,5000.00,0.00,5000.00),(457,1007,'1 Litro',1,3000.00,0.00,3000.00),(457,1124,'1 Litro',1,6000.00,0.00,6000.00),(456,1332,'3.5 Lts',1,20000.00,0.00,20000.00),(456,1251,'1 Litro',1,4500.00,0.00,4500.00),(455,1007,'1 Litro',1,2900.00,0.00,2900.00),(455,1198,'3.5 Lts',1,8200.00,0.00,8200.00),(455,1095,'1 Litro',1,1800.00,0.00,1800.00),(455,1289,'45 kg',1,12600.00,0.00,12600.00),(460,1127,'1 kg',2,6900.00,0.00,13800.00),(460,1278,'3.5 Lts',1,5400.00,0.00,5400.00),(460,1198,'3.5 Lts',1,8200.00,0.00,8200.00),(460,1147,'1 Litro',1,13500.00,0.00,13500.00),(460,1261,'1 Litro',1,3400.00,0.00,3400.00),(461,1198,'3.5 Lts',2,8200.00,0.00,16400.00),(462,1308,'125 ml',4,675.00,0.00,2700.00),(463,1110,'1 Litro',1,11200.00,0.00,11200.00),(463,1095,'1 Litro',1,1800.00,0.00,1800.00),(464,1261,'1 Litro',1,3000.00,0.00,3000.00),(464,1110,'1 Litro',1,11200.00,0.00,11200.00),(464,1294,'1 Litro',1,6500.00,0.00,6500.00),(465,1248,'1 kg',2,1300.00,0.00,2600.00),(465,1194,'1 Litro',1,3900.00,0.00,3900.00),(465,1000,'1 Litro',1,4800.00,0.00,4800.00),(465,1269,'1 kg',1,6600.00,0.00,6600.00),(465,1332,'3.5 Lts',1,20000.00,0.00,20000.00),(466,1277,'50 kg',2,4700.00,0.00,9400.00),(467,1322,'50 kg',4,7500.00,0.00,30000.00),(467,1285,'45 kg',2,11500.00,0.00,23000.00),(467,1261,'1 Litro',1,3500.00,0.00,3500.00),(467,1257,'1 Litro',1,3000.00,0.00,3000.00),(468,1199,'19 Lts',3,24500.00,0.00,73500.00),(468,1204,'19 Lts',2,23500.00,0.00,47000.00),(468,1211,'18 Lts',5,58900.00,0.00,294500.00),(469,1007,'1 Litro',4,2500.00,0.00,10000.00),(469,1095,'1 Litro',1,1800.00,0.00,1800.00),(470,1000,'1 Litro',1,5000.00,0.00,5000.00),(470,1198,'3.5 Lts',1,8200.00,0.00,8200.00),(471,1003,'3.5 Lts',2,12250.00,3.00,24500.00),(471,1192,'3.5 Lts',2,14200.00,3.00,28400.00),(471,1006,'1 kg',3,11200.00,3.00,33600.00),(471,1198,'3.5 Lts',1,8200.00,0.00,8200.00),(472,1284,'45 kg',20,12900.00,0.00,258000.00),(472,1295,'45 kg',20,12500.00,0.00,250000.00),(472,1292,'45 kg',10,11900.00,0.00,119000.00),(472,1130,'45 kg',10,10100.00,0.00,101000.00),(472,1321,'25 kg',5,8900.00,0.00,44500.00),(472,1087,'25 kg',5,12100.00,0.00,60500.00),(457,1191,'1 kg',5,5235.00,0.00,26175.00),(457,1191,'1 kg',5,5235.00,0.00,26175.00),(457,1191,'1 kg',4,5235.00,0.00,20940.00),(473,1351,'3.5 Lts',1,31100.00,0.00,31100.00),(474,1351,'3.5 Lts',1,31100.00,0.00,31100.00),(475,1206,'3.5 Lts',1,7600.00,0.00,7600.00),(475,1203,'3.5 Lts',1,7200.00,0.00,7200.00),(475,1202,'10 g',4,1000.00,0.00,4000.00),(476,1179,'50 kg',8,2700.00,0.00,21600.00),(476,1284,'45 kg',1,13100.00,0.00,13100.00),(477,1141,'45 kg',10,42.95,0.00,429.50),(477,1141,'45 kg',1,0.00,0.00,0.00),(477,1284,'45 kg',10,22.90,0.00,229.00),(478,1284,'2 kg',3,975.00,0.00,2925.00),(478,1292,'2 kg',3,975.00,0.00,2925.00),(478,1289,'2 kg',3,975.00,0.00,2925.00),(478,1285,'2 kg',3,975.00,0.00,2925.00),(478,1180,'2 kg',3,1800.00,0.00,5400.00),(479,1154,'2 kg',3,975.00,0.00,2925.00),(480,1007,'1 Litro',1,2700.00,0.00,2700.00),(481,1253,'250 ml',1,1450.00,0.00,1450.00),(481,1308,'250 ml',2,550.00,0.00,1100.00),(482,1253,'250 ml',1,1450.00,0.00,1450.00),(482,1308,'125 ml',2,550.00,0.00,1100.00);
/*!40000 ALTER TABLE `comprobante_detalle` ENABLE KEYS */;
UNLOCK TABLES;

--
-- Table structure for table `cuenta_cobrar`
--

DROP TABLE IF EXISTS `cuenta_cobrar`;
/*!40101 SET @saved_cs_client     = @@character_set_client */;
/*!40101 SET character_set_client = utf8 */;
CREATE TABLE `cuenta_cobrar` (
  `id_Cliente` int(11) NOT NULL,
  `id_Comprobante` int(11) NOT NULL,
  `fecha_Inicio` varchar(15) CHARACTER SET latin1 DEFAULT NULL,
  `fecha_Vence` varchar(15) CHARACTER SET latin1 DEFAULT NULL,
  `monto_Inicial` decimal(10,2) DEFAULT NULL,
  `interes` decimal(10,2) DEFAULT '0.00',
  `saldo_Factura` decimal(10,2) DEFAULT NULL,
  `saldo_Global` decimal(10,2) DEFAULT '0.00',
  `saldo_global_dolares` decimal(10,2) DEFAULT '0.00',
  `moneda` varchar(45) CHARACTER SET latin1 DEFAULT 'null',
  `estado` varchar(45) DEFAULT 'PENDIENTE',
  `tipo_pago` varchar(45) DEFAULT 'null',
  KEY `fk_comprobante_idx` (`id_Comprobante`)
) ENGINE=InnoDB DEFAULT CHARSET=utf8;
/*!40101 SET character_set_client = @saved_cs_client */;

--
-- Dumping data for table `cuenta_cobrar`
--

LOCK TABLES `cuenta_cobrar` WRITE;
/*!40000 ALTER TABLE `cuenta_cobrar` DISABLE KEYS */;
INSERT INTO `cuenta_cobrar` VALUES (44,1,'01/26/2016','02/25/2016',62505.00,0.00,0.00,637360.00,0.00,'COLONES','CANCELADO','Credito'),(44,43,'03/03/2016','04/02/2016',69781.80,0.00,0.00,637360.00,0.00,'COLONES','CANCELADO','Credito'),(44,78,'04/07/2016','05/07/2016',68069.00,0.00,0.00,637360.00,0.00,'COLONES','CANCELADO','Credito'),(44,98,'04/22/2016','05/22/2016',66504.00,0.00,0.00,637360.00,0.00,'COLONES','CANCELADO','Credito'),(44,114,'05/03/2016','06/02/2016',8200.00,0.00,0.00,637360.00,0.00,'COLONES','CANCELADO','Credito'),(44,137,'05/16/2016','06/15/2016',18292.00,0.00,0.00,637360.00,0.00,'COLONES','CANCELADO','Credito'),(44,146,'05/19/2016','07/18/2016',167205.00,0.00,0.00,637360.00,0.00,'COLONES','CANCELADO','Credito'),(44,169,'05/31/2016','06/30/2016',66000.00,0.00,0.00,637360.00,0.00,'COLONES','CANCELADO','Credito'),(44,180,'06/09/2016','07/09/2016',44477.04,0.00,0.00,637360.00,0.00,'COLONES','CANCELADO','Credito'),(44,191,'06/13/2016','07/13/2016',173465.00,0.00,0.00,637360.00,0.00,'COLONES','CANCELADO','Contado'),(44,196,'06/15/2016','07/15/2016',53786.70,0.00,15998.74,637360.00,0.00,'COLONES','PENDIENTE','Contado'),(44,214,'06/22/2016','07/22/2016',12200.00,0.00,12200.00,637360.00,0.00,'COLONES','PENDIENTE','Credito'),(44,225,'06/28/2016','07/28/2016',312675.00,0.00,312675.00,637360.00,0.00,'COLONES','PENDIENTE','Credito'),(44,248,'07/08/2016','08/07/2016',149380.00,0.00,149380.00,637360.00,0.00,'COLONES','PENDIENTE','Credito'),(45,2,'01/28/2016','07/27/2016',336.42,0.00,0.00,0.00,7008.90,'DOLARES','CANCELADO','Credito'),(45,60,'03/21/2016','04/20/2016',1067.00,0.00,67.00,0.00,7008.90,'DOLARES','PENDIENTE','Credito'),(45,67,'03/30/2016','04/29/2016',1402.25,0.00,0.00,0.00,7008.90,'DOLARES','CANCELADO','Credito'),(45,90,'04/16/2016','05/16/2016',382.00,0.00,0.00,0.00,7008.90,'DOLARES','CANCELADO','Credito'),(45,103,'04/25/2016','05/25/2016',532.00,0.00,414.00,0.00,7008.90,'DOLARES','PENDIENTE','Credito'),(45,159,'05/25/2016','06/24/2016',460.95,0.00,460.95,0.00,7008.90,'DOLARES','PENDIENTE','Credito'),(45,164,'05/20/2016','06/26/2016',166.00,0.00,166.00,0.00,7008.90,'DOLARES','PENDIENTE','Credito'),(45,198,'06/16/2016','07/16/2016',62.95,0.00,62.95,0.00,7008.90,'DOLARES','PENDIENTE','Credito'),(45,208,'06/21/2016','07/21/2016',2753.00,0.00,2753.00,0.00,7008.90,'DOLARES','PENDIENTE','Credito'),(45,235,'07/02/2016','08/01/2016',1665.00,0.00,1665.00,0.00,7008.90,'DOLARES','PENDIENTE','Credito'),(45,11045,'03/21/2016','04/20/2016',827.50,0.00,0.00,0.00,7008.90,'DOLARES','CANCELADO','Credito'),(46,29,'23/02/2016','24/03/2016',86350.00,0.00,0.00,363500.00,0.00,'COLONES','CANCELADO','Credito'),(46,33,'26/03/2016','25/04/2016',23160.00,0.00,0.00,363500.00,0.00,'COLONES','CANCELADO','Credito'),(46,89,'15/04/2016','15/05/2016',27035.00,0.00,0.00,363500.00,0.00,'COLONES','CANCELADO','Credito'),(46,152,'20/05/2016','19/06/2016',147800.00,0.00,100000.00,363500.00,0.00,'COLONES','PENDIENTE','Credito'),(46,163,'25/05/2016','24/06/2016',16000.00,0.00,0.00,363500.00,0.00,'COLONES','CANCELADO','Credito'),(46,188,'10/06/2016','10/07/2016',9500.00,0.00,0.00,363500.00,0.00,'COLONES','CANCELADO','Credito'),(46,227,'30/06/2016','30/07/2016',8800.00,0.00,0.00,363500.00,0.00,'COLONES','CANCELADO','Credito'),(46,233,'01/07/2016','31/07/2016',5800.00,0.00,5800.00,363500.00,0.00,'COLONES','PENDIENTE','Credito'),(46,1381,'23/02/2016','24/03/2016',18700.00,0.00,0.00,363500.00,0.00,'COLONES','CANCELADO','Credito'),(54,9,'02/02/2016','04/02/2016',242.25,0.00,0.00,0.00,38.00,'DOLARES','CANCELADO','Credito'),(54,23,'02/16/2016','04/16/2016',866.25,0.00,0.00,0.00,38.00,'DOLARES','CANCELADO','Credito'),(54,47,'03/08/2016','05/07/2016',242.25,0.00,0.00,0.00,38.00,'DOLARES','CANCELADO','Credito'),(54,64,'03/28/2016','05/27/2016',942.53,0.00,0.00,0.00,38.00,'DOLARES','CANCELADO','Credito'),(54,103,'04/15/2016','06/14/2016',88.86,0.00,0.00,0.00,38.00,'DOLARES','CANCELADO','Credito'),(54,186,'06/10/2016','08/09/2016',140.00,0.00,0.00,0.00,38.00,'DOLARES','CANCELADO','Contado'),(54,202,'06/20/2016','08/19/2016',660.00,0.00,0.00,0.00,38.00,'DOLARES','CANCELADO','Contado'),(54,275,'07/20/2016','09/18/2016',836.95,0.00,0.00,0.00,38.00,'DOLARES','CANCELADO','Credito'),(64,22,'02/16/2016','04/16/2016',230000.00,0.00,0.00,369888.00,1310.97,'COLONES','CANCELADO','Credito'),(64,46,'03/04/2016','05/03/2016',224250.00,0.00,0.00,369888.00,1310.97,'COLONES','CANCELADO','Credito'),(64,70,'03/30/2016','05/29/2016',360475.00,0.00,194725.00,369888.00,1310.97,'COLONES','PENDIENTE','Credito'),(64,144,'05/19/2016','07/18/2016',397638.00,0.00,97638.00,369888.00,1310.97,'COLONES','PENDIENTE','Credito'),(64,190,'06/13/2016','08/12/2016',77525.00,0.00,77525.00,369888.00,1310.97,'COLONES','PENDIENTE','Credito'),(64,232,'07/01/2016','08/30/2016',24500.00,0.00,0.00,369888.00,1310.97,'COLONES','CANCELADO','Credito'),(64,246,'07/07/2016','09/05/2016',432.10,0.00,432.10,369888.00,1310.97,'DOLARES','PENDIENTE','Credito'),(64,249,'07/08/2016','09/06/2016',32.50,0.00,32.50,369888.00,1310.97,'DOLARES','PENDIENTE','Credito'),(74,13,'02/02/2016','04/02/2016',1237.50,0.00,0.00,0.00,282.00,'DOLARES','CANCELADO','Credito'),(74,88,'04/15/2016','06/14/2016',70.45,0.00,0.00,0.00,282.00,'DOLARES','CANCELADO','Credito'),(74,134,'05/15/2016','07/14/2016',734.50,0.00,0.00,0.00,282.00,'DOLARES','CANCELADO','Credito'),(74,161,'05/25/2016','07/24/2016',125.90,0.00,0.00,0.00,282.00,'DOLARES','CANCELADO','Credito'),(74,181,'06/09/2016','08/08/2016',147.50,0.00,0.00,0.00,282.00,'DOLARES','CANCELADO','Credito'),(74,264,'07/15/2016','09/13/2016',520.00,0.00,0.00,0.00,282.00,'DOLARES','CANCELADO','Contado'),(74,282,'07/21/2016','09/19/2016',125.00,0.00,125.00,0.00,282.00,'DOLARES','PENDIENTE','Credito'),(82,110,'29/04/2016','29/05/2016',4800.00,0.00,0.00,203220.00,0.00,'COLONES','CANCELADO','Credito'),(82,115,'03/05/2016','02/06/2016',41705.00,0.00,0.00,203220.00,0.00,'COLONES','CANCELADO','Credito'),(82,116,'12/05/2016','11/06/2016',64510.00,0.00,0.00,203220.00,0.00,'COLONES','CANCELADO','Credito'),(82,132,'12/05/2016','11/06/2016',23000.00,0.00,0.00,203220.00,0.00,'COLONES','CANCELADO','Credito'),(82,142,'18/05/2016','17/06/2016',72400.00,0.00,0.00,203220.00,0.00,'COLONES','CANCELADO','Credito'),(82,160,'25/05/2016','24/06/2016',44300.00,0.00,0.00,203220.00,0.00,'COLONES','CANCELADO','Credito'),(82,201,'16/06/2016','16/07/2016',23000.00,0.00,17300.00,203220.00,0.00,'COLONES','PENDIENTE','Credito'),(82,216,'23/06/2016','23/07/2016',15000.00,0.00,12000.00,203220.00,0.00,'COLONES','PENDIENTE','Credito'),(89,173,'06/03/2016','07/03/2016',43500.00,0.00,0.00,97300.00,0.00,'COLONES','CANCELADO','Credito'),(89,212,'06/03/2016','07/03/2016',36500.00,0.00,0.00,97300.00,0.00,'COLONES','CANCELADO','Contado'),(89,261,'07/15/2016','08/14/2016',33200.00,0.00,33200.00,97300.00,0.00,'COLONES','PENDIENTE','Credito'),(110,91,'04/18/2016','07/18/2016',7400.00,0.00,0.00,0.00,0.00,'COLONES','CANCELADO','Credito'),(110,105,'04/26/2016','05/26/2016',12200.00,0.00,0.00,0.00,0.00,'COLONES','CANCELADO','Credito'),(110,177,'06/06/2016','07/06/2016',34000.00,0.00,0.00,0.00,0.00,'COLONES','CANCELADO','Credito'),(73,182,'09-06-2016','24-06-2016',73171.00,0.00,73171.00,165121.00,0.00,'COLONES','PENDIENTE','Credito'),(75,183,'10-06-2016','10-07-2016',28800.00,0.00,28800.00,28800.00,0.00,'COLONES','PENDIENTE','Credito'),(76,184,'10-06-2016','10-07-2016',17200.00,0.00,17200.00,34400.00,0.00,'COLONES','PENDIENTE','Credito'),(77,185,'10-06-2016','10-07-2016',106500.00,0.00,106500.00,106500.00,0.00,'COLONES','PENDIENTE','Credito'),(86,209,'21-06-2016','06-07-2016',84000.00,0.00,34000.00,50000.00,0.00,'COLONES','PENDIENTE','Credito'),(87,210,'21-06-2016','21-07-2016',111550.00,0.00,0.00,22850.00,0.00,'COLONES','CANCELADO','Credito'),(88,211,'21-06-2016','29-06-2016',69000.00,0.00,0.00,218400.00,0.00,'COLONES','CANCELADO','Credito'),(87,217,'23-06-2016','08-07-2016',35000.00,0.00,0.00,22850.00,0.00,'COLONES','CANCELADO','Credito'),(73,224,'27-06-2016','27-07-2016',91950.00,0.00,91950.00,165121.00,0.00,'COLONES','PENDIENTE','Credito'),(91,226,'28-06-2016','06-07-2016',13600.00,0.00,13600.00,31100.00,0.00,'COLONES','PENDIENTE','Credito'),(85,230,'30-06-2016','03-07-2016',17000.00,0.00,0.00,0.00,0.00,'COLONES','CANCELADO','Credito'),(96,234,'01-07-2016','09-07-2016',18200.00,0.00,0.00,0.00,0.00,'COLONES','CANCELADO','Credito'),(88,236,'04-07-2016','03-08-2016',8700.00,0.00,0.00,218400.00,0.00,'COLONES','CANCELADO','Credito'),(88,237,'04-07-2016','03-08-2016',6900.00,0.00,0.00,218400.00,0.00,'COLONES','CANCELADO','Credito'),(47,238,'04-07-2016','12-07-2016',25200.00,0.00,25200.00,25200.00,0.00,'COLONES','PENDIENTE','Credito'),(96,239,'04-07-2016','07-07-2016',7200.00,0.00,0.00,0.00,0.00,'COLONES','CANCELADO','Credito'),(90,241,'06-07-2016','05-08-2016',17000.00,0.00,0.00,35500.00,0.00,'COLONES','CANCELADO','Credito'),(97,242,'06-07-2016','05-08-2016',14500.00,0.00,10000.00,131600.00,0.00,'COLONES','PENDIENTE','Credito'),(96,243,'06-07-2016','09-07-2016',11000.00,0.00,0.00,0.00,0.00,'COLONES','CANCELADO','Credito'),(92,247,'07-07-2016','22-07-2016',45000.00,0.00,45000.00,45000.00,0.00,'COLONES','PENDIENTE','Credito'),(44,250,'08-07-2016','07-08-2016',34600.00,0.00,34600.00,637360.00,0.00,'COLONES','PENDIENTE','Credito'),(46,254,'11-07-2016','10-08-2016',17600.00,0.00,17600.00,363500.00,0.00,'COLONES','PENDIENTE','Credito'),(79,255,'11-07-2016','10-08-2016',87850.00,0.00,87850.00,87850.00,0.00,'COLONES','PENDIENTE','Credito'),(100,256,'11-07-2016','19-07-2016',60950.00,0.00,60950.00,161550.00,0.00,'COLONES','PENDIENTE','Credito'),(79,260,'13-07-2016','12-08-2016',13800.00,0.00,0.00,87850.00,0.00,'COLONES','CANCELADO','Credito'),(91,262,'15-07-2016','23-07-2016',17500.00,0.00,17500.00,31100.00,0.00,'COLONES','PENDIENTE','Credito'),(86,269,'19-07-2016','03-08-2016',16000.00,0.00,16000.00,50000.00,0.00,'COLONES','PENDIENTE','Credito'),(76,272,'19-07-2016','27-07-2016',17200.00,0.00,17200.00,34400.00,0.00,'COLONES','PENDIENTE','Credito'),(96,276,'20-07-2016','04-08-2016',67700.00,0.00,0.00,0.00,0.00,'COLONES','CANCELADO','Credito'),(62,280,'21-07-2016','20-08-2016',63100.00,0.00,63100.00,71900.00,0.00,'COLONES','PENDIENTE','Credito'),(108,281,'21-07-2016','20-08-2016',94950.00,0.00,94950.00,239350.00,0.00,'COLONES','PENDIENTE','Credito'),(45,287,'22-07-2016','21-08-2016',425.00,0.00,425.00,0.00,7008.90,'DOLARES','PENDIENTE','Credito'),(112,290,'22-07-2016','21-08-2016',2700.00,0.00,0.00,18300.00,0.00,'COLONES','CANCELADO','Credito'),(114,296,'25-07-2016','24-08-2016',134800.00,0.00,134800.00,134800.00,0.00,'COLONES','PENDIENTE','Credito'),(46,301,'27-07-2016','26-08-2016',134200.00,0.00,134200.00,363500.00,0.00,'COLONES','PENDIENTE','Credito'),(79,302,'27-07-2016','26-08-2016',25800.00,0.00,0.00,87850.00,0.00,'COLONES','CANCELADO','Credito'),(88,303,'27-07-2016','26-08-2016',46200.00,0.00,46200.00,218400.00,0.00,'COLONES','PENDIENTE','Credito'),(88,315,'30-07-2016','29-08-2016',64200.00,0.00,64200.00,218400.00,0.00,'COLONES','PENDIENTE','Credito'),(48,316,'30-07-2016','14-08-2016',179100.00,0.00,179100.00,179100.00,0.00,'COLONES','PENDIENTE','Credito'),(100,317,'01-08-2016','31-08-2016',208600.00,0.00,100600.00,161550.00,0.00,'COLONES','PENDIENTE','Credito'),(124,318,'01-08-2016','31-08-2016',143500.00,0.00,143500.00,143500.00,0.00,'COLONES','PENDIENTE','Credito'),(108,321,'01-08-2016','31-08-2016',36000.00,0.00,36000.00,239350.00,0.00,'COLONES','PENDIENTE','Credito'),(97,322,'01-08-2016','31-08-2016',86100.00,0.00,86100.00,131600.00,0.00,'COLONES','PENDIENTE','Credito'),(88,324,'03-08-2016','02-09-2016',48400.00,0.00,48400.00,218400.00,0.00,'COLONES','PENDIENTE','Credito'),(90,326,'03-08-2016','02-09-2016',35500.00,0.00,35500.00,35500.00,0.00,'COLONES','PENDIENTE','Credito'),(82,329,'03-08-2016','02-09-2016',23550.00,0.00,23550.00,203220.00,0.00,'COLONES','PENDIENTE','Credito'),(127,330,'03-08-2016','02-09-2016',13000.00,0.00,13000.00,21800.00,0.00,'COLONES','PENDIENTE','Credito'),(128,333,'04-08-2016','03-10-2016',366100.00,0.00,366100.00,366100.00,0.00,'COLONES','PENDIENTE','Credito'),(44,335,'04-08-2016','03-10-2016',36400.00,0.00,36400.00,637360.00,0.00,'COLONES','PENDIENTE','Credito'),(129,336,'05-08-2016','04-09-2016',1210.00,0.00,1210.00,1911.00,0.00,'DOLARES','PENDIENTE','Credito'),(46,337,'05-08-2016','04-09-2016',13200.00,0.00,13200.00,363500.00,0.00,'COLONES','PENDIENTE','Credito'),(49,340,'05-08-2016','04-09-2016',8200.00,0.00,8200.00,66200.00,0.00,'COLONES','PENDIENTE','Contado'),(49,341,'05-08-2016','04-09-2016',18000.00,0.00,18000.00,66200.00,0.00,'COLONES','PENDIENTE','Credito'),(49,341,'05-08-2016','04-09-2016',18000.00,0.00,18000.00,66200.00,0.00,'COLONES','PENDIENTE','Credito'),(133,342,'05-08-2016','04-09-2016',58200.00,0.00,58200.00,473200.00,0.00,'COLONES','PENDIENTE','Credito'),(82,343,'05-08-2016','04-09-2016',33810.00,0.00,33810.00,203220.00,0.00,'COLONES','PENDIENTE','Credito'),(97,346,'09-08-2016','08-09-2016',27000.00,0.00,27000.00,131600.00,0.00,'COLONES','PENDIENTE','Credito'),(54,347,'09-08-2016','08-09-2016',619.00,0.00,0.00,0.00,38.00,'DOLARES','CANCELADO','Credito'),(74,348,'09-08-2016','08-09-2016',157.00,0.00,157.00,0.00,282.00,'DOLARES','PENDIENTE','Credito'),(54,349,'09-08-2016','08-09-2016',671.00,0.00,0.00,0.00,38.00,'DOLARES','CANCELADO','Credito'),(82,352,'09-08-2016','09-08-2016',26500.00,0.00,26500.00,203220.00,0.00,'COLONES','PENDIENTE','Credito'),(87,357,'10-08-2016','09-09-2016',22850.00,0.00,22850.00,22850.00,0.00,'COLONES','PENDIENTE','Credito'),(97,358,'10-08-2016','09-09-2016',8500.00,0.00,8500.00,131600.00,0.00,'COLONES','PENDIENTE','Credito'),(49,359,'10-08-2016','09-09-2016',30200.00,0.00,30200.00,66200.00,0.00,'COLONES','PENDIENTE','Credito'),(78,361,'10-08-2016','25-08-2016',1512525.00,0.00,1512525.00,2751725.00,0.00,'COLONES','PENDIENTE','Credito'),(122,364,'11-08-2016','25-09-2016',94500.00,0.00,94500.00,94500.00,0.00,'COLONES','PENDIENTE','Credito'),(143,366,'11-08-2016','10-09-2016',187700.00,0.00,92700.00,92700.00,0.00,'COLONES','PENDIENTE','Credito'),(88,369,'12-08-2016','12-08-2016',12400.00,0.00,0.00,218400.00,0.00,'COLONES','CANCELADO','Contado'),(145,370,'12-08-2016','12-08-2016',10400.00,0.00,0.00,0.00,0.00,'COLONES','CANCELADO','Contado'),(133,368,'12-08-2016','12-08-2016',116400.00,0.00,0.00,473200.00,0.00,'COLONES','CANCELADO','Contado'),(129,371,'12-08-2016','11-09-2016',500.00,0.00,500.00,1911.00,0.00,'DOLARES','PENDIENTE','Credito'),(54,372,'12-08-2016','11-09-2016',95.00,0.00,0.00,0.00,38.00,'DOLARES','CANCELADO','Credito'),(146,373,'12-08-2016','11-09-2016',45500.00,0.00,45500.00,45500.00,0.00,'COLONES','PENDIENTE','Credito'),(77,374,'12-08-2016','12-08-2016',10885.00,0.00,0.00,106500.00,0.00,'COLONES','CANCELADO','Credito'),(145,375,'12-08-2016','12-08-2016',11150.00,0.00,11150.00,0.00,0.00,'COLONES','PENDIENTE','Contado'),(147,376,'12-08-2016','12-08-2016',4800.00,0.00,4800.00,0.00,0.00,'COLONES','PENDIENTE','Contado'),(147,377,'12-08-2016','12-08-2016',4800.00,0.00,4800.00,0.00,0.00,'COLONES','PENDIENTE','Contado'),(85,378,'12-08-2016','12-08-2016',53100.00,0.00,53100.00,0.00,0.00,'COLONES','PENDIENTE','Contado'),(114,379,'12-08-2016','12-08-2016',19200.00,0.00,19200.00,134800.00,0.00,'COLONES','PENDIENTE','Contado'),(148,380,'12-08-2016','12-08-2016',83400.00,0.00,83400.00,0.00,0.00,'COLONES','PENDIENTE','Contado'),(77,384,'17-08-2016','17-08-2016',11200.00,0.00,11200.00,106500.00,0.00,'COLONES','PENDIENTE','Contado'),(150,382,'17-08-2016','16-09-2016',33400.00,0.00,33400.00,50400.00,0.00,'COLONES','PENDIENTE','Credito'),(98,383,'17-08-2016','17-08-2016',35700.00,0.00,35700.00,0.00,0.00,'COLONES','PENDIENTE','Contado'),(46,384,'17-08-2016','17-08-2016',11200.00,0.00,11200.00,363500.00,0.00,'COLONES','PENDIENTE','Contado'),(64,385,'17-08-2016','16-09-2016',846.37,0.00,846.37,369888.00,1310.97,'DOLARES','PENDIENTE','Credito'),(151,386,'17-08-2016','17-08-2016',17300.00,0.00,17300.00,0.00,0.00,'COLONES','PENDIENTE','Contado'),(125,387,'17-08-2016','17-08-2016',45000.00,0.00,45000.00,0.00,0.00,'COLONES','PENDIENTE','Contado'),(114,388,'17-08-2016','17-08-2016',4700.00,0.00,4700.00,134800.00,0.00,'COLONES','PENDIENTE','Contado'),(148,389,'17-08-2016','17-08-2016',8700.00,0.00,8700.00,0.00,0.00,'COLONES','PENDIENTE','Contado'),(152,390,'17-08-2016','17-08-2016',12600.00,0.00,12600.00,0.00,0.00,'COLONES','PENDIENTE','Contado'),(82,391,'17-08-2016','17-08-2016',56705.00,0.00,56705.00,203220.00,0.00,'COLONES','PENDIENTE','Contado'),(114,392,'18-08-2016','18-08-2016',90469.00,0.00,90469.00,134800.00,0.00,'COLONES','PENDIENTE','Contado'),(89,393,'18-08-2016','18-08-2016',47100.00,0.00,47100.00,97300.00,0.00,'COLONES','PENDIENTE','Credito'),(73,394,'18-08-2016','18-08-2016',189800.00,0.00,189800.00,165121.00,0.00,'COLONES','PENDIENTE','Contado'),(153,395,'18-08-2016','17-09-2016',60100.00,0.00,60100.00,60100.00,0.00,'COLONES','PENDIENTE','Credito'),(153,396,'18-08-2016','18-08-2016',62900.00,0.00,62900.00,60100.00,0.00,'COLONES','PENDIENTE','Contado'),(154,397,'18-08-2016','18-08-2016',8500.00,0.00,8500.00,0.00,0.00,'COLONES','PENDIENTE','Contado'),(125,398,'18-08-2016','18-08-2016',17200.00,0.00,17200.00,0.00,0.00,'COLONES','PENDIENTE','Contado'),(127,399,'18-08-2016','18-08-2016',8800.00,0.00,8800.00,21800.00,0.00,'COLONES','PENDIENTE','Credito'),(62,399,'18-08-2016','17-09-2016',8800.00,0.00,8800.00,71900.00,0.00,'COLONES','PENDIENTE','Credito'),(155,400,'18-08-2016','18-08-2016',7500.00,0.00,7500.00,0.00,0.00,'COLONES','PENDIENTE','Contado'),(54,401,'18-08-2016','17-09-2016',38.00,0.00,38.00,0.00,38.00,'DOLARES','PENDIENTE','Credito'),(54,402,'18-08-2016','17-09-2016',125.00,0.00,0.00,0.00,38.00,'DOLARES','CANCELADO','Credito'),(127,403,'18-08-2016','18-08-2016',4105.00,0.00,0.00,21800.00,0.00,'COLONES','CANCELADO','Contado'),(88,405,'18-08-2016','17-09-2016',15300.00,0.00,15300.00,218400.00,0.00,'COLONES','PENDIENTE','Credito'),(45,424,'23-08-2016','22-09-2016',97.50,0.00,97.50,0.00,7008.90,'DOLARES','PENDIENTE','Credito'),(46,427,'24-08-2016','23-09-2016',61000.00,0.00,61000.00,363500.00,0.00,'COLONES','PENDIENTE','Credito'),(89,421,'23-08-2016','23-08-2016',4000.00,0.00,4000.00,97300.00,0.00,'COLONES','PENDIENTE','Credito'),(89,355,'10-08-2016','09-09-2016',13000.00,0.00,13000.00,97300.00,0.00,'COLONES','PENDIENTE','Credito'),(82,426,'24-08-2016','24-08-2016',70800.00,0.00,70800.00,203220.00,0.00,'COLONES','PENDIENTE','Credito'),(82,434,'24-08-2016','24-08-2016',19260.00,0.00,19260.00,203220.00,0.00,'COLONES','PENDIENTE','Credito'),(150,404,'18-08-2016','18-08-2016',17000.00,0.00,17000.00,50400.00,0.00,'COLONES','PENDIENTE','Credito'),(144,423,'23-08-2016','23-08-2016',13000.00,0.00,13000.00,13000.00,0.00,'COLONES','PENDIENTE','Credito'),(46,435,'25-08-2016','25-08-2016',31700.00,0.00,31700.00,363500.00,0.00,'COLONES','PENDIENTE','Credito'),(98,436,'25-08-2016','25-08-2016',30000.00,0.00,30000.00,0.00,0.00,'COLONES','PENDIENTE','Contado'),(163,437,'25-08-2016','25-08-2016',104500.00,0.00,104500.00,0.00,0.00,'COLONES','PENDIENTE','Contado'),(167,438,'25-08-2016','25-08-2016',10400.00,0.00,10400.00,0.00,0.00,'COLONES','PENDIENTE','Contado'),(112,439,'26-08-2016','25-09-2016',18300.00,0.00,18300.00,18300.00,0.00,'COLONES','PENDIENTE','Credito'),(168,440,'26-08-2016','26-08-2016',26500.00,0.00,26500.00,0.00,0.00,'COLONES','PENDIENTE','Contado'),(54,441,'26-08-2016','26-08-2016',980.50,0.00,0.00,0.00,38.00,'COLONES','CANCELADO','Contado'),(45,444,'26-08-2016','25-09-2016',239.00,0.00,239.00,0.00,7008.90,'DOLARES','PENDIENTE','Credito'),(169,443,'26-08-2016','26-08-2016',7700.00,0.00,7700.00,0.00,0.00,'COLONES','PENDIENTE','Contado'),(78,442,'26-08-2016','25-09-2016',362000.00,0.00,362000.00,2751725.00,0.00,'COLONES','PENDIENTE','Credito'),(159,446,'26-08-2016','26-08-2016',10700.00,0.00,10700.00,0.00,0.00,'COLONES','PENDIENTE','Contado'),(160,445,'26-08-2016','26-08-2016',4400.00,0.00,0.00,0.00,0.00,'COLONES','ANULADO','Contado'),(172,458,'30-08-2016','30-08-2016',40350.00,0.00,40350.00,0.00,0.00,'COLONES','PENDIENTE','Contado'),(129,449,'30-08-2016','29-09-2016',201.00,0.00,201.00,1911.00,0.00,'DOLARES','PENDIENTE','Credito'),(78,450,'30-08-2016','29-09-2016',877200.00,0.00,877200.00,2751725.00,0.00,'COLONES','PENDIENTE','Credito'),(155,451,'30-08-2016','30-08-2016',15800.00,0.00,15800.00,0.00,0.00,'COLONES','PENDIENTE','Contado'),(44,452,'30-08-2016','30-08-2016',225119.00,0.00,225119.00,637360.00,0.00,'COLONES','PENDIENTE','Contado'),(108,453,'30-08-2016','29-09-2016',108400.00,0.00,108400.00,239350.00,0.00,'COLONES','PENDIENTE','Credito'),(118,454,'30-08-2016','30-08-2016',16000.00,0.00,16000.00,0.00,0.00,'COLONES','PENDIENTE','Contado'),(163,459,'31-08-2016','31-08-2016',59300.00,0.00,59300.00,0.00,0.00,'COLONES','PENDIENTE','Contado'),(91,457,'30-08-2016','30-08-2016',18000.00,0.00,18000.00,31100.00,0.00,'COLONES','PENDIENTE','Contado'),(171,456,'30-08-2016','30-08-2016',24500.00,0.00,24500.00,0.00,0.00,'COLONES','PENDIENTE','Contado'),(170,455,'30-08-2016','30-08-2016',25500.00,0.00,25500.00,0.00,0.00,'COLONES','PENDIENTE','Contado'),(88,460,'31-08-2016','30-09-2016',44300.00,0.00,44300.00,218400.00,0.00,'COLONES','PENDIENTE','Credito'),(121,461,'31-08-2016','08-09-2016',16400.00,0.00,16400.00,16400.00,0.00,'COLONES','PENDIENTE','Credito'),(165,462,'31-08-2016','31-08-2016',2700.00,0.00,2700.00,0.00,0.00,'COLONES','PENDIENTE','Contado'),(114,463,'31-08-2016','31-08-2016',13000.00,0.00,13000.00,134800.00,0.00,'COLONES','PENDIENTE','Contado'),(148,464,'31-08-2016','31-08-2016',20700.00,0.00,20700.00,0.00,0.00,'COLONES','PENDIENTE','Contado'),(173,465,'31-08-2016','31-08-2016',37900.00,0.00,37900.00,0.00,0.00,'COLONES','PENDIENTE','Contado'),(162,466,'31-08-2016','31-08-2016',9400.00,0.00,9400.00,0.00,0.00,'COLONES','PENDIENTE','Contado'),(174,467,'31-08-2016','31-08-2016',59500.00,0.00,59500.00,0.00,0.00,'COLONES','PENDIENTE','Contado'),(133,468,'31-08-2016','30-09-2016',415000.00,0.00,415000.00,473200.00,0.00,'COLONES','PENDIENTE','Credito'),(125,469,'31-08-2016','31-08-2016',11800.00,0.00,11800.00,0.00,0.00,'COLONES','PENDIENTE','Contado'),(91,470,'01-09-2016','01-09-2016',13200.00,0.00,13200.00,31100.00,0.00,'COLONES','PENDIENTE','Contado'),(44,471,'01-09-2016','01-10-2016',92105.00,0.00,92105.00,637360.00,0.00,'COLONES','PENDIENTE','Credito'),(175,472,'01-09-2016','01-10-2016',833000.00,0.00,833000.00,833000.00,0.00,'COLONES','PENDIENTE','Credito'),(149,381,'17-08-2016','17-08-2016',12000.00,0.00,12000.00,0.00,0.00,'COLONES','PENDIENTE','Contado'),(65,473,'01-09-2016','01-09-2016',31100.00,0.00,31100.00,0.00,0.00,'COLONES','PENDIENTE','Contado'),(176,474,'01-09-2016','01-09-2016',31100.00,0.00,31100.00,0.00,0.00,'COLONES','PENDIENTE','Contado'),(177,475,'01-09-2016','01-09-2016',18800.00,0.00,18800.00,0.00,0.00,'COLONES','PENDIENTE','Contado'),(178,476,'01-09-2016','01-09-2016',34700.00,0.00,34700.00,0.00,0.00,'COLONES','PENDIENTE','Contado'),(45,477,'02-09-2016','02-10-2016',658.50,0.00,658.50,0.00,7008.90,'DOLARES','PENDIENTE','Credito'),(112,478,'02-09-2016','02-09-2016',17100.00,0.00,17100.00,18300.00,0.00,'COLONES','PENDIENTE','Contado'),(112,479,'02-09-2016','02-09-2016',2925.00,0.00,2925.00,18300.00,0.00,'COLONES','PENDIENTE','Contado'),(179,480,'03-09-2016','03-09-2016',2700.00,0.00,2700.00,0.00,0.00,'COLONES','PENDIENTE','Contado'),(170,481,'03-09-2016','03-09-2016',2550.00,0.00,0.00,0.00,0.00,'COLONES','ANULADO','Contado'),(170,482,'03-09-2016','03-09-2016',2550.00,0.00,2550.00,0.00,0.00,'COLONES','PENDIENTE','Contado');
/*!40000 ALTER TABLE `cuenta_cobrar` ENABLE KEYS */;
UNLOCK TABLES;

--
-- Table structure for table `detalle_prefactura`
--

DROP TABLE IF EXISTS `detalle_prefactura`;
/*!40101 SET @saved_cs_client     = @@character_set_client */;
/*!40101 SET character_set_client = utf8 */;
CREATE TABLE `detalle_prefactura` (
  `Comprobante_id` int(11) NOT NULL,
  `Producto_id` int(11) NOT NULL,
  `Presenta` varchar(20) DEFAULT NULL,
  `Cantidad` int(11) NOT NULL DEFAULT '0',
  `PrecioUnitario` decimal(10,2) NOT NULL DEFAULT '0.00',
  `Descuento` decimal(10,2) DEFAULT NULL,
  `Total` decimal(10,2) NOT NULL DEFAULT '0.00',
  KEY `fk_deta_pre_idx` (`Comprobante_id`),
  KEY `fk_deta_prod_idx` (`Producto_id`),
  CONSTRAINT `fk_deta_pre` FOREIGN KEY (`Comprobante_id`) REFERENCES `prefactura` (`id`) ON DELETE CASCADE ON UPDATE CASCADE,
  CONSTRAINT `fk_deta_prod` FOREIGN KEY (`Producto_id`) REFERENCES `producto` (`id`) ON DELETE CASCADE ON UPDATE CASCADE
) ENGINE=InnoDB DEFAULT CHARSET=utf8;
/*!40101 SET character_set_client = @saved_cs_client */;

--
-- Dumping data for table `detalle_prefactura`
--

LOCK TABLES `detalle_prefactura` WRITE;
/*!40000 ALTER TABLE `detalle_prefactura` DISABLE KEYS */;
INSERT INTO `detalle_prefactura` VALUES (181,1070,'20 lts',1,128.50,0.00,128.50),(181,1006,'1 kg',1,19.00,0.00,19.00),(181,1006,'1 kg',1,19.00,0.00,19.00),(182,1123,'Rollo',1,17200.00,0.00,17200.00),(182,1006,'1 Litro',1,11121.00,0.00,11121.00),(182,1110,'3.5 Lts',1,36650.00,0.00,36650.00),(182,1007,'3.5 Lts',1,8200.00,0.00,8200.00),(183,1000,'1 Litro',6,4800.00,0.00,28800.00),(184,1123,'Rollo',1,17200.00,0.00,17200.00),(185,1003,'3.5 Lts',1,11900.00,0.00,11900.00),(185,1000,'3.5 Lts',1,14200.00,0.00,14200.00),(185,1000,'1 Litro',2,4700.00,0.00,9400.00),(185,1006,'1 kg',2,11200.00,0.00,22400.00),(185,1116,'45 kg',2,16500.00,0.00,33000.00),(187,1000,'1 Litro',1,5000.00,0.00,5000.00),(187,1003,'1 Litro',1,4000.00,0.00,4000.00),(187,1010,'1 Litro',1,12500.00,0.00,12500.00),(189,1011,'200 lts',1,260000.00,0.00,260000.00),(190,1124,'3.5 Lts',1,18000.00,0.00,18000.00),(190,1000,'3.5 Lts',1,14195.00,0.00,14195.00),(190,1003,'3.5 Lts',12205,1.00,0.00,12205.00),(190,1006,'1 kg',1,11125.00,0.00,11125.00),(190,1010,'undefined',2,11000.00,0.00,22000.00),(191,1070,'19 Lts',1,75100.00,3755.00,71345.00),(191,1052,'20 Lts',1,89200.00,4460.00,84740.00),(192,1125,'45 kg',1,18700.00,0.00,18700.00),(192,1126,'45 kg',1,14000.00,0.00,14000.00),(193,1127,'1 kg',1,6900.00,0.00,6900.00),(195,1118,'45 kg',1,13500.00,5.00,13500.00),(195,1103,'1 Litro',1,2900.00,5.00,2900.00),(196,1000,'3.5 Lts',1,14195.00,5.00,14195.00),(196,1003,'3.5 Lts',1,12205.00,5.00,12205.00),(196,1006,'1 kg',3,11121.00,5.00,33363.00),(197,1129,'45 kg',2,10700.00,3.00,21400.00),(197,1130,'45 kg',1,9800.00,3.00,9800.00),(197,1133,'25 kg',3,4105.00,3.00,12315.00),(197,1131,'25 kg',3,7800.00,3.00,23400.00),(197,1132,'25 kg',2,18700.00,3.00,37400.00),(197,1134,'25 kg',2,6800.00,3.00,13600.00),(199,1127,'1 kg',1,6900.00,0.00,6900.00),(200,1136,'5 Lts',1,46600.00,0.00,46600.00),(202,1138,'45 kg',33,20.00,0.00,660.00),(203,1000,'3.5 Lts',1,14200.00,0.00,14200.00),(203,1003,'3.5 Lts',1,12250.00,0.00,12250.00),(203,1124,'1 Litro',2,5600.00,0.00,11200.00),(203,1070,'1 Litro',1,4550.00,0.00,4550.00),(204,1127,'1 kg',1,6900.00,0.00,6900.00),(206,1147,'1 Litro',1,12400.00,0.00,12400.00),(209,1148,'45 kg',6,14000.00,0.00,84000.00),(210,1149,'15 kg',3,23850.00,0.00,71550.00),(210,1150,'45 kg',2,13000.00,0.00,26000.00),(211,1152,'3.5 Lts',1,35000.00,0.00,35000.00),(211,1152,'1 Litro',1,11000.00,0.00,11000.00),(211,1007,'3.5 Lts',1,9000.00,0.00,9000.00),(212,1153,'1 kg',3,7500.00,0.00,22500.00),(212,1148,'45 kg',1,14000.00,0.00,14000.00),(214,1003,'3.5 Lts',1,12200.00,0.00,12200.00),(215,1154,'2 kg',25,975.00,0.00,24375.00),(215,1155,'125 ml',40,200.00,0.00,8000.00),(216,1156,'3.5 Lts',1,7500.00,0.00,7500.00),(216,1157,'3.5 Lts',1,7500.00,0.00,7500.00),(217,1007,'19 Lts',1,35000.00,0.00,35000.00),(218,1099,'1 Litro',1,1500.00,0.00,1500.00),(219,1158,'45 kg',1,19000.00,0.00,19000.00),(220,1116,'45 kg',4,16450.00,0.00,65800.00),(221,1159,'1 Litro',1,2100.00,0.00,2100.00),(222,1011,'1 Litro',1,2500.00,0.00,2500.00),(222,1007,'1 Litro',1,3000.00,0.00,3000.00),(223,1007,'3.5 Lts',1,8500.00,0.00,8500.00),(224,1070,'3.5 Lts',1,15250.00,0.00,15250.00),(225,1143,'45 kg',10,8540.00,0.00,85400.00),(225,1145,'45 kg',8,7990.00,0.00,63920.00),(225,1142,'25 kg',10,5785.00,0.00,57850.00),(225,1133,'25 kg',10,3580.00,0.00,35800.00),(225,1191,'25 kg',1,5235.00,0.00,5235.00),(225,1191,'45 kg',3,21490.00,0.00,64470.00),(226,1124,'1 Litro',1,5600.00,0.00,5600.00),(226,1011,'3.5 Lts',1,8000.00,0.00,8000.00),(227,1000,'1 Litro',1,4800.00,0.00,4800.00),(227,1194,'1 Litro',1,4000.00,0.00,4000.00),(228,1206,'3.5 Lts',1,8000.00,0.00,8000.00),(228,1202,'10 g',4,10000.00,0.00,40000.00),(213,1222,'1 kg',5,3640.00,0.00,18200.00),(213,1217,'1 kg',1,6500.00,0.00,6500.00),(245,1007,'1 Litro',1,3000.00,0.00,3000.00),(245,1172,'45 kg',1,14000.00,0.00,14000.00),(246,1141,'45 kg',5,39.00,0.00,195.00),(246,1143,'45 kg',4,15.50,0.00,62.00),(246,1142,'25 kg',8,10.50,0.00,84.00),(246,1133,'25 kg',6,6.00,0.00,36.00),(246,1191,'25 kg',1,9.50,0.00,9.50),(246,1270,'25 kg',1,18.50,0.00,18.50),(246,1241,'3.5 Lts',1,27.10,0.00,27.10),(247,1263,'50 kg',10,4500.00,0.00,45000.00),(248,1141,'45 kg',7,22000.00,3.00,154000.00),(249,1242,'3.5 Lts',1,32.50,0.00,32.50),(250,1198,'3.5 Lts',2,8200.00,3.00,16400.00),(250,1241,'3.5 Lts',1,18200.00,3.00,18200.00),(252,1266,'45 kg',2,13000.00,0.00,26000.00),(252,1150,'45 kg',2,13000.00,0.00,26000.00),(252,1198,'3.5 Lts',1,8000.00,0.00,8000.00),(252,1070,'1 Litro',1,4550.00,0.00,4550.00),(253,1006,'1 kg',1,11200.00,5.00,11200.00),(253,1147,'1 Litro',3,12400.00,5.00,37200.00),(254,1194,'1 Litro',2,3900.00,0.00,7800.00),(254,1000,'1 Litro',2,4900.00,0.00,9800.00),(255,1164,'45 kg',7,12550.00,0.00,87850.00),(230,1241,'3.5 Lts',1,17000.00,0.00,17000.00),(231,1206,'3.5 Lts',1,8000.00,0.00,8000.00),(232,1130,'45 kg',1,8700.00,0.00,8700.00),(232,1241,'3.5 Lts',1,15800.00,0.00,15800.00),(233,1170,'1 Litro',1,5800.00,0.00,5800.00),(234,1232,'1 kg',1,7200.00,0.00,7200.00),(234,1152,'1 Litro',1,11000.00,0.00,11000.00),(234,1103,'1 Litro',1,0.00,0.00,0.00),(234,1258,'1 Litro',1,0.00,0.00,0.00),(234,1257,'1 Litro',1,0.00,0.00,0.00),(235,1197,'25 kg',1,490.00,0.00,490.00),(235,1193,'20 Lts',1,126.00,0.00,126.00),(235,1195,'19 Lts',1,106.00,0.00,106.00),(235,1196,'10 Lts',1,200.00,0.00,200.00),(235,1216,'20 Lts',1,95.00,0.00,95.00),(235,1213,'20 Lts',1,280.00,0.00,280.00),(235,1190,'20 Lts',1,130.00,0.00,130.00),(235,1052,'20 Lts',1,165.00,0.00,165.00),(235,1101,'25 kg',1,19.00,0.00,19.00),(235,1152,'1 Litro',3,18.00,0.00,54.00),(236,1127,'1 kg',1,6900.00,0.00,6900.00),(236,1095,'1 Litro',1,1800.00,0.00,1800.00),(237,1127,'1 kg',1,6900.00,0.00,6900.00),(238,1159,'1 Litro',12,2100.00,0.00,25200.00),(188,1221,'1 kg',1,4000.00,0.00,4000.00),(188,1231,'1 kg',1,5500.00,0.00,5500.00),(186,1190,'20 Lts',1,140.00,0.00,140.00),(240,1198,'3.5 Lts',1,8000.00,0.00,8000.00),(240,1201,'500 ml',1,4600.00,0.00,4600.00),(241,1147,'1 Litro',1,12400.00,0.00,12400.00),(241,1201,'500 ml',1,4600.00,0.00,4600.00),(242,1198,'3.5 Lts',1,8500.00,0.00,8500.00),(242,1261,'1 litro',1,3000.00,0.00,3000.00),(242,1257,'1 Litro',1,3000.00,0.00,3000.00),(243,1152,'1 Litro',1,11000.00,0.00,11000.00),(244,1269,'1 kg',1,6600.00,0.00,6600.00),(244,1217,'1 kg',1,6650.00,0.00,6650.00),(239,1172,'45 kg',2,14000.00,0.00,14000.00),(239,1198,'3.5 Lts',1,8000.00,0.00,8000.00),(207,1148,'45 kg',6,14000.00,0.00,84000.00),(208,1149,'10 Lts',3,23850.00,0.00,71550.00),(208,1150,'45 kg',2,13000.00,0.00,26000.00),(198,1199,'19 Lts',1,62.95,0.00,62.95),(256,1164,'45 kg',3,11500.00,0.00,34500.00),(256,1192,'3.5 Lts',1,14200.00,0.00,14200.00),(256,1003,'3.5 Lts',1,12250.00,0.00,12250.00),(257,1265,'5 kg',1,10500.00,2.00,10500.00),(257,1265,'5 kg',1,9000.00,2.00,9000.00),(257,1169,'3.5 Lts',2,7500.00,2.00,15000.00),(258,1271,'50 kg',6,7750.00,0.00,46500.00),(259,1180,'5 kg',1,4500.00,0.00,4500.00),(259,1202,'10 g',1,1000.00,0.00,1000.00),(260,1269,'1 kg',2,6900.00,0.00,13800.00),(261,1110,'1 Litro',1,11200.00,0.00,11200.00),(261,1143,'45 kg',1,10500.00,0.00,10500.00),(261,1089,'1 kg',2,1500.00,0.00,3000.00),(261,1272,'1 kg',2,500.00,0.00,1000.00),(261,1169,'3.5 Lts',1,7500.00,0.00,7500.00),(262,1198,'3.5 Lts',1,8500.00,0.00,8500.00),(262,1000,'1 Litro',1,5000.00,0.00,5000.00),(262,1194,'1 Litro',1,4000.00,0.00,4000.00),(263,1169,'3.5 Lts',1,7500.00,0.00,7500.00),(263,1273,'1 Litro',1,5000.00,0.00,5000.00),(264,1138,'45 kg',26,20.00,0.00,520.00),(265,1272,'1 kg',1,500.00,0.00,500.00),(265,1261,'1 kg',1,3000.00,0.00,3000.00),(266,1123,'Rollo',1,17200.00,0.00,17200.00),(267,1147,'1 Litro',1,12400.00,0.00,12400.00),(267,1006,'1 kg',1,11200.00,0.00,11200.00),(267,1194,'1 Litro',1,3850.00,0.00,3850.00),(268,1010,'1 Litro',1,12250.00,0.00,12250.00),(268,1147,'1 Litro',1,12400.00,0.00,12400.00),(268,1006,'1 kg',1,11200.00,0.00,11200.00),(269,1203,'3.5 Lts',1,8000.00,0.00,8000.00),(269,1159,'1 Litro',4,2000.00,0.00,8000.00),(270,1138,'45 kg',1,11000.00,0.00,11000.00),(271,1198,'3.5 Lts',1,9000.00,0.00,9000.00),(272,1123,'Rollo',1,17200.00,0.00,17200.00),(274,1201,'500 ml',2,4600.00,5.00,9200.00),(275,1006,'1 kg',8,19.00,0.00,152.00),(275,1173,'19 Lts',1,125.00,0.00,125.00),(275,1190,'20 Lts',1,135.00,0.00,135.00),(275,1143,'45 kg',15,14.13,0.00,211.95),(275,1142,'25 kg',15,8.95,0.00,134.25),(275,1133,'25 kg',15,5.25,0.00,78.75),(276,1200,'250 ml',1,2700.00,0.00,2700.00),(276,1274,'20 Lts',1,65000.00,0.00,65000.00),(277,1169,'3.5 Lts',1,8500.00,0.00,8500.00),(278,1275,'2 kg',1,8500.00,0.00,8500.00),(279,1268,'2 kg',25,975.00,0.00,24375.00),(279,1160,'2 kg',25,975.00,0.00,24375.00),(279,1161,'2 kg',25,975.00,0.00,24375.00),(279,1162,'2 kg',25,975.00,0.00,24375.00),(280,1172,'45 kg',1,14000.00,0.00,14000.00),(280,1150,'45 kg',1,13000.00,0.00,13000.00),(280,1148,'45 kg',1,13000.00,0.00,13000.00),(280,1089,'25 kg',1,23100.00,0.00,23100.00),(281,1145,'45 kg',1,9500.00,0.00,9500.00),(281,1143,'45 kg',1,10000.00,0.00,10000.00),(281,1142,'25 kg',5,5650.00,0.00,28250.00),(281,1133,'25 kg',5,3500.00,0.00,17500.00),(281,1248,'1 kg',1,700.00,0.00,700.00),(281,1258,'1 Litro',5,2900.00,0.00,14500.00),(281,1257,'1 Litro',5,2900.00,0.00,14500.00),(282,1173,'19 Lts',1,125.00,0.00,125.00),(284,1271,'50 kg',3,7750.00,0.00,23250.00),(284,1011,'1 Litro',1,3000.00,0.00,3000.00),(285,1011,'1 Litro',1,2950.00,0.00,2950.00),(285,1202,'10 g',1,1000.00,0.00,1000.00),(286,1232,'1 kg',1,8000.00,0.00,8000.00),(286,1179,'50 kg',3,2700.00,0.00,8100.00),(286,1103,'1 Litro',1,0.00,0.00,0.00),(287,1141,'45 kg',10,42.50,0.00,425.00),(287,1141,'45 kg',1,0.00,0.00,0.00),(288,1198,'3.5 Lts',1,9000.00,0.00,9000.00),(289,1007,'1 Litro',1,3000.00,0.00,3000.00),(290,1007,'1 Litro',1,2700.00,0.00,2700.00),(291,1275,'2 kg',1,8000.00,0.00,8000.00),(291,1143,'10 Lts',1,10500.00,0.00,10500.00),(292,1282,'1 Litro',1,4000.00,0.00,4000.00),(292,1116,'45 kg',1,13500.00,0.00,13500.00),(292,1150,'45 kg',5,13700.00,0.00,68500.00),(292,1095,'1 Litro',1,1800.00,0.00,1800.00),(292,1089,'1 kg',1,1350.00,0.00,1350.00),(292,1221,'1 kg',1,4000.00,0.00,4000.00),(293,1273,'1 Litro',1,5000.00,0.00,5000.00),(294,1201,'1 Litro',1,4600.00,0.00,4600.00),(294,1169,'3.5 Lts',1,8500.00,0.00,8500.00),(294,1275,'2 kg',1,8500.00,0.00,8500.00),(294,1064,'500 G',2,0.00,0.00,0.00),(295,1007,'1 Litro',1,2900.00,0.00,2900.00),(296,1277,'50 kg',15,4750.00,0.00,71250.00),(296,1149,'15 kg',1,28650.00,0.00,28650.00),(296,1232,'1 kg',1,8500.00,0.00,8500.00),(296,1148,'45 kg',2,13200.00,0.00,26400.00),(297,1150,'45 kg',1,13700.00,0.00,13700.00),(298,1103,'1 Litro',1,3000.00,0.00,3000.00),(298,1115,'1 Litro',1,7800.00,0.00,7800.00),(298,1283,'1 Litro',1,3000.00,0.00,3000.00),(300,1011,'1 Litro',1,2700.00,0.00,2700.00),(300,1202,'10 g',1,1100.00,0.00,1100.00),(301,1116,'45 kg',4,16500.00,0.00,66000.00),(301,1142,'25 kg',2,5800.00,0.00,11600.00),(301,1133,'25 kg',2,3800.00,0.00,7600.00),(301,1269,'1 kg',2,6600.00,0.00,13200.00),(301,1215,'3.5 Lts',1,12000.00,0.00,12000.00),(301,1141,'45 kg',1,23800.00,0.00,23800.00),(302,1284,'45 kg',2,12900.00,0.00,25800.00),(303,1199,'19 Lts',1,33500.00,0.00,33500.00),(303,1201,'500 ml',2,4600.00,0.00,9200.00),(303,1278,'3.5 Lts',1,3500.00,0.00,3500.00),(304,1133,'25 kg',3,4100.00,3.00,12300.00),(304,1142,'25 kg',5,5625.00,3.00,28125.00),(304,1145,'45 kg',3,8150.00,3.00,24450.00),(304,1143,'45 kg',3,8600.00,3.00,25800.00),(304,1131,'25 kg',3,7800.00,3.00,23400.00),(305,1179,'50 kg',2,2700.00,0.00,5400.00),(306,1285,'45 kg',1,13000.00,0.00,13000.00),(307,1169,'3.5 Lts',1,8500.00,0.00,8500.00),(307,1285,'45 kg',2,13000.00,0.00,26000.00),(307,1286,'15 kg',14,2300.00,0.00,32200.00),(308,1285,'45 kg',1,13000.00,0.00,13000.00),(308,1203,'3.5 Lts',1,7200.00,0.00,7200.00),(310,1198,'3.5 Lts',1,8200.00,0.00,8200.00),(311,1003,'3.5 Lts',1,12250.00,0.00,12250.00),(311,1192,'3.5 Lts',1,14200.00,0.00,14200.00),(311,1006,'1 kg',2,11200.00,0.00,22400.00),(312,1145,'45 kg',1,9500.00,0.00,9500.00),(313,1198,'3.5 Lts',1,8200.00,0.00,8200.00),(314,1198,'3.5 Lts',1,8200.00,0.00,8200.00),(314,1169,'3.5 Lts',1,8500.00,0.00,8500.00),(314,1095,'1 Litro',1,1800.00,0.00,1800.00),(315,1277,'50 kg',6,4600.00,0.00,27600.00),(315,1198,'3.5 Lts',2,8200.00,0.00,16400.00),(315,1201,'500 ml',2,4600.00,0.00,9200.00),(315,1278,'3.5 Lts',1,3500.00,0.00,3500.00),(315,1232,'1 kg',1,7500.00,0.00,7500.00),(316,1007,'1 Litro',12,2900.00,0.00,34800.00),(316,1198,'3.5 Lts',6,8900.00,0.00,53400.00),(316,1011,'1 Litro',12,2700.00,0.00,32400.00),(316,1268,'2 kg',12,975.00,0.00,11700.00),(316,1161,'2 kg',12,975.00,0.00,11700.00),(316,1288,'2 kg',12,975.00,0.00,11700.00),(316,1162,'2 kg',12,975.00,0.00,11700.00),(316,1160,'2 kg',12,975.00,0.00,11700.00),(317,1284,'45 kg',10,11500.00,0.00,115000.00),(317,1143,'45 kg',2,10000.00,0.00,20000.00),(317,1133,'25 kg',4,3500.00,0.00,14000.00),(317,1131,'25 kg',1,8300.00,0.00,8300.00),(317,1191,'25 kg',1,5300.00,0.00,5300.00),(317,1270,'25 kg',1,12100.00,0.00,12100.00),(317,1142,'25 kg',6,5650.00,0.00,33900.00),(318,1285,'45 kg',10,13000.00,0.00,130000.00),(318,1289,'45 kg',1,13500.00,0.00,13500.00),(320,1198,'3.5 Lts',3,8200.00,0.00,24600.00),(320,1206,'3.5 Lts',1,7600.00,0.00,7600.00),(320,1095,'1 Litro',1,1800.00,0.00,1800.00),(321,1199,'20 Lts',1,36000.00,0.00,36000.00),(322,1143,'45 kg',1,10500.00,0.00,10500.00),(322,1142,'25 kg',1,5800.00,0.00,5800.00),(322,1133,'25 kg',1,3900.00,0.00,3900.00),(322,1089,'25 kg',1,23100.00,0.00,23100.00),(322,1191,'25 kg',1,5700.00,0.00,5700.00),(322,1087,'25 kg',1,12700.00,0.00,12700.00),(322,1006,'1 kg',1,11500.00,0.00,11500.00),(322,1290,'25 kg',1,12900.00,0.00,12900.00),(324,1138,'45 kg',3,15000.00,0.00,45000.00),(324,1261,'45 kg',1,3400.00,0.00,3400.00),(326,1285,'45 kg',1,13000.00,0.00,13000.00),(326,1138,'45 kg',1,15000.00,0.00,15000.00),(326,1232,'1 kg',1,7500.00,0.00,7500.00),(327,1198,'3.5 Lts',1,8200.00,5.00,8200.00),(327,1201,'500 ml',2,4600.00,10.00,9200.00),(328,1203,'3.5 Lts',1,7200.00,3.00,7200.00),(328,1130,'45 kg',1,10500.00,3.00,10500.00),(328,1142,'25 kg',1,5800.00,3.00,5800.00),(328,1133,'25 kg',1,3800.00,3.00,3800.00),(328,1273,'1 Litro',1,5000.00,3.00,5000.00),(328,1269,'1 kg',1,6800.00,3.00,6800.00),(328,1214,'1 Litro',1,4500.00,3.00,4500.00),(328,1070,'1 Litro',1,5000.00,3.00,5000.00),(328,1284,'45 kg',3,13500.00,3.00,40500.00),(329,1003,'3.5 Lts',1,12250.00,0.00,12250.00),(329,1142,'25 kg',2,5650.00,0.00,11300.00),(330,1289,'45 kg',1,13000.00,0.00,13000.00),(331,1232,'1 kg',1,8500.00,0.00,8500.00),(331,1095,'1 Litro',1,1800.00,0.00,1800.00),(332,1149,'15 kg',1,27500.00,0.00,27500.00),(333,1266,'45 kg',10,14500.00,0.00,145000.00),(333,1143,'45 kg',10,8600.00,3.00,86000.00),(333,1142,'25 kg',10,5825.00,3.00,58250.00),(333,1133,'25 kg',10,3295.00,3.00,32950.00),(333,1112,'20 Lts',1,43900.00,0.00,43900.00),(334,1208,'1 Litro',1,4500.00,0.00,4500.00),(334,1095,'1 Litro',1,1800.00,0.00,1800.00),(334,1200,'250 ml',2,2600.00,0.00,5200.00),(335,1241,'3.5 Lts',2,18200.00,0.00,36400.00),(336,1291,'200 lts',1,1210.00,0.00,1210.00),(337,1269,'1 kg',2,6600.00,0.00,13200.00),(338,1011,'1 Litro',1,2500.00,0.00,2500.00),(339,1206,'3.5 Lts',1,7600.00,0.00,7600.00),(339,1203,'3.5 Lts',1,7200.00,0.00,7200.00),(339,1095,'1 Litro',1,1800.00,0.00,1800.00),(340,1198,'3.5 Lts',1,8200.00,0.00,8200.00),(341,1242,'3,785 Lts',1,18000.00,0.00,18000.00),(342,1211,'18 Lts',1,58200.00,0.00,58200.00),(343,1133,'25 kg',2,4105.00,0.00,8210.00),(343,1152,'1 Litro',1,11000.00,0.00,11000.00),(343,1142,'25 kg',1,5600.00,0.00,5600.00),(343,1143,'45 kg',1,9000.00,0.00,9000.00),(350,1179,'50 kg',40,2400.00,0.00,96000.00),(350,1169,'3.5 Lts',1,8500.00,0.00,8500.00),(350,1198,'3.5 Lts',4,8200.00,0.00,32800.00),(351,1285,'45 kg',1,13000.00,0.00,13000.00),(351,1209,'3.5 Lts',1,13800.00,0.00,13800.00),(351,1202,'10 g',3,1100.00,0.00,3300.00),(351,1103,'1 Litro',1,3000.00,0.00,3000.00),(344,1198,'3.5 Lts',1,8200.00,0.00,8200.00),(345,1198,'3.5 Lts',1,8400.00,0.00,8400.00),(345,1206,'3.5 Lts',1,7600.00,0.00,7600.00),(348,1173,'19 Lts',1,125.00,0.00,125.00),(348,1319,'1 kg',2,16.00,0.00,32.00),(346,1003,'3.5 Lts',1,12500.00,0.00,12500.00),(346,1192,'3.5 Lts',1,14500.00,0.00,14500.00),(349,1142,'25 kg',7,8.95,0.00,62.65),(349,1133,'25 kg',10,5.25,0.00,52.50),(349,1006,'1 kg',5,19.00,0.00,95.00),(349,1319,'1 kg',4,16.00,0.00,64.00),(349,1193,'20 lts',1,118.68,0.00,118.60),(349,1195,'10 Lts',1,50.25,0.00,50.25),(349,1145,'45 kg',5,13.00,0.00,65.00),(349,1190,'20 Lts',1,135.00,0.00,135.00),(349,1087,'25 kg',1,19.50,0.00,19.50),(349,1191,'25 kg',1,8.50,0.00,8.50),(352,1143,'45 kg',2,9500.00,0.00,19000.00),(352,1157,'3.5 Lts',1,7500.00,0.00,7500.00),(353,1152,'1 Litro',1,11000.00,0.00,11000.00),(354,1203,'3.5 Lts',6,7500.00,0.00,45000.00),(355,1285,'45 kg',1,13000.00,0.00,13000.00),(356,1170,'1 Litro',2,5800.00,0.00,11600.00),(357,1248,'1 kg',1,0.00,0.00,0.00),(357,1103,'1 Litro',1,0.00,0.00,0.00),(357,1095,'1 Litro',1,1800.00,0.00,1800.00),(357,1099,'1 Litro',1,1850.00,0.00,1850.00),(357,1227,'1 Litro',4,4800.00,0.00,19200.00),(358,1321,'25 kg',1,8500.00,0.00,8500.00),(359,1215,'3.5 Lts',1,12000.00,0.00,12000.00),(359,1269,'1 kg',2,6600.00,0.00,13200.00),(359,1273,'1 Litro',1,5000.00,0.00,5000.00),(360,1322,'50 kg',8,7500.00,0.00,60000.00),(360,1149,'15 kg',1,28000.00,0.00,28000.00),(361,1323,'5 kg',3,36650.00,0.00,109950.00),(361,1324,'5 kg',30,45875.00,0.00,1376250.00),(361,1316,'1 kg',3,8775.00,0.00,26325.00),(362,1241,'3.5 Lts',1,18300.00,3.00,18300.00),(363,1284,'45 kg',1,14000.00,0.00,14000.00),(364,1285,'45 kg',7,13500.00,0.00,94500.00),(365,1142,'25 kg',1,5800.00,0.00,5800.00),(365,1180,'2 kg',1,2300.00,0.00,2300.00),(366,1120,'45 kg',7,15500.00,0.00,108500.00),(366,1145,'45 kg',5,9500.00,0.00,47500.00),(366,1326,'1 Litro',1,8700.00,0.00,8700.00),(366,1203,'3.5 Lts',1,7500.00,0.00,7500.00),(366,1198,'3.5 Lts',1,8000.00,0.00,8000.00),(366,1206,'3.5 Lts',1,7500.00,0.00,7500.00),(367,1169,'3.5 Lts',1,7500.00,0.00,7500.00),(367,1087,'25 kg',1,12100.00,0.00,12100.00),(367,1277,'25 kg',1,4700.00,0.00,4700.00),(371,1199,'19 Lts',10,50.00,0.00,500.00),(372,1006,'1 kg',5,19.00,0.00,95.00),(373,1277,'50 kg',10,4550.00,0.00,45500.00),(368,1210,'0',2,58200.00,0.00,116400.00),(369,1330,'0',1,1500.00,0.00,1500.00),(369,1261,'',1,3400.00,0.00,3400.00),(369,1232,'',1,7500.00,0.00,7500.00),(370,1179,'0',4,2600.00,0.00,10400.00),(375,1232,'1 kg',1,7500.00,0.00,7500.00),(375,1095,'1 Litro',1,1800.00,0.00,1800.00),(375,1099,'1 Litro',1,1850.00,0.00,1850.00),(376,1194,'50 kg',1,4800.00,0.00,4800.00),(377,1194,'1 Litro',1,4800.00,0.00,4800.00),(378,1294,'1 Litro',2,6000.00,0.00,12000.00),(378,1169,'3.5 Lts',1,7500.00,0.00,7500.00),(378,1248,'1 kg',2,0.00,0.00,0.00),(378,1115,'1 Litro',2,11000.00,0.00,22000.00),(378,1251,'1 Litro',1,8000.00,0.00,8000.00),(378,1095,'1 Litro',2,1800.00,0.00,3600.00),(379,1263,'50 kg',4,4800.00,0.00,19200.00),(380,1145,'45 kg',3,9500.00,0.00,28500.00),(380,1285,'45 kg',3,13500.00,0.00,40500.00),(380,1263,'50 kg',3,4800.00,0.00,14400.00),(381,1143,'45 kg',1,10200.00,0.00,10200.00),(381,1095,'1 Litro',1,1800.00,0.00,1800.00),(382,1198,'3.5 Lts',1,8200.00,0.00,8200.00),(382,1326,'1 Litro',2,8800.00,0.00,17600.00),(382,1170,'1 Litro',1,5800.00,0.00,5800.00),(382,1095,'1 Litro',1,1800.00,0.00,1800.00),(383,1231,'1 kg',1,6000.00,0.00,6000.00),(383,1095,'1 Litro',1,1800.00,0.00,1800.00),(383,1214,'1 Litro',1,3500.00,0.00,3500.00),(383,1070,'1 Litro',1,4900.00,0.00,4900.00),(383,1331,'1 Litro',1,19500.00,0.00,19500.00),(384,1124,'1 Litro',2,5600.00,0.00,11200.00),(385,1003,'3.5 Lts',1,22.60,0.00,22.60),(385,1192,'3.5 Lts',1,26.20,0.00,26.20),(385,1010,'1 Litro',2,22.60,0.00,45.20),(385,1006,'1 kg',2,21.60,0.00,43.20),(385,1190,'20 Lts',1,138.50,0.00,138.50),(385,1215,'45 kg',1,22.14,0.00,22.14),(385,1214,'1 Litro',1,7.93,0.00,7.93),(385,1189,'5 Lts',1,69.50,0.00,69.50),(385,1242,'3.5 Lts',2,32.50,0.00,65.00),(385,1141,'45 kg',5,39.00,0.00,195.00),(385,1143,'45 kg',4,15.50,0.00,62.00),(385,1142,'25 kg',8,10.50,0.00,84.00),(385,1133,'25 kg',5,6.00,0.00,30.00),(385,1241,'3.5 Lts',1,27.10,0.00,27.10),(385,1208,'1 Litro',1,8.00,0.00,8.00),(386,1007,'3.5 Lts',1,8500.00,0.00,8500.00),(386,1326,'1 Litro',1,8800.00,0.00,8800.00),(387,1332,'3.5 Lts',1,20000.00,0.00,20000.00),(387,1198,'3.5 Lts',2,8200.00,0.00,16400.00),(387,1326,'1 Litro',1,8600.00,0.00,8600.00),(388,1263,'45 kg',1,4700.00,0.00,4700.00),(389,1326,'1 Litro',1,8700.00,0.00,8700.00),(390,1289,'45 kg',1,12600.00,0.00,12600.00),(391,1157,'3.5 Lts',2,7500.00,0.00,15000.00),(391,1112,'20 Lts',1,41705.00,0.00,41705.00),(392,1333,'',7,4572.00,0.00,32004.00),(392,1334,'',1,5395.00,0.00,5395.00),(392,1336,'',2,570.00,0.00,1140.00),(392,1337,'',1,4950.00,0.00,4950.00),(392,1338,'',3,855.00,0.00,2565.00),(392,1339,'',3,4185.00,0.00,12555.00),(392,1335,'',12,2655.00,0.00,31860.00),(393,1323,'5 kg',1,42500.00,0.00,42500.00),(393,1070,'1 Litro',1,4600.00,0.00,4600.00),(394,1193,'20 Lts',1,81600.00,0.00,81600.00),(394,1195,'19 Lts',1,63400.00,0.00,63400.00),(394,1006,'1 kg',4,11200.00,0.00,44800.00),(395,1327,'0',2,1200.00,0.00,2400.00),(395,1322,'50 kg',3,7800.00,0.00,23400.00),(395,1292,'45 kg',1,12500.00,0.00,12500.00),(395,1332,'3.5 Lts',1,20000.00,0.00,20000.00),(395,1095,'1 Litro',1,1800.00,0.00,1800.00),(396,1179,'50 kg',2,2700.00,0.00,5400.00),(396,1286,'15 kg',6,2300.00,0.00,13800.00),(396,1221,'1 kg',1,4000.00,0.00,4000.00),(396,1231,'1 kg',1,6500.00,0.00,6500.00),(396,1169,'3.5 Lts',1,8500.00,0.00,8500.00),(396,1198,'3.5 Lts',2,8200.00,0.00,16400.00),(396,1095,'1 Litro',1,1800.00,0.00,1800.00),(396,1294,'1 Litro',1,6500.00,0.00,6500.00),(397,1169,'3.5 Lts',1,8500.00,0.00,8500.00),(398,1326,'1 Litro',2,8600.00,0.00,17200.00),(399,1326,'1 Litro',1,8800.00,0.00,8800.00),(400,1214,'1 Litro',1,4500.00,0.00,4500.00),(400,1007,'1 Litro',1,3000.00,0.00,3000.00),(401,1307,'1 kg',1,16.00,0.00,16.00),(401,1269,'1 kg',2,11.00,0.00,22.00),(402,1173,'19 Lts',1,125.00,0.00,125.00),(403,1007,'1 Litro',1,3000.00,0.00,3000.00),(403,1202,'10 g',1,1000.00,0.00,1000.00),(404,1326,'1 Litro',1,8800.00,0.00,8800.00),(404,1198,'3.5 Lts',1,8200.00,0.00,8200.00),(405,1309,'3.5 Lts',1,6500.00,0.00,6500.00),(405,1326,'1 Litro',1,8800.00,0.00,8800.00),(406,1160,'2 kg',2,1300.00,0.00,2600.00),(406,1161,'2 kg',2,1300.00,0.00,2600.00),(406,1154,'2 kg',2,1300.00,0.00,2600.00),(406,1162,'2 kg',2,1300.00,0.00,2600.00),(406,1180,'2 kg',1,2200.00,0.00,2200.00),(406,1089,'1 kg',2,1300.00,0.00,2600.00),(407,1335,'0',5,2655.00,0.00,13275.00),(407,1339,'',2,4185.00,0.00,8370.00),(408,1095,'1 Litro',1,1800.00,0.00,1800.00),(409,1289,'45 kg',15,12000.00,0.00,180000.00),(410,1198,'3.5 Lts',1,8000.00,0.00,8000.00),(411,1161,'2 kg',150,825.00,0.00,123750.00),(411,1340,'2 kg',150,825.00,0.00,123750.00),(411,1160,'2 kg',500,825.00,0.00,412500.00),(412,1127,'1 kg',1,6900.00,0.00,6900.00),(412,1202,'100 g',4,1000.00,0.00,4000.00),(413,1007,'1 Litro',1,3000.00,0.00,3000.00),(413,1341,'45 kg',1,15000.00,0.00,15000.00),(413,1141,'45 kg',1,24000.00,0.00,24000.00),(414,1070,'3.5 Lts',1,15000.00,0.00,15000.00),(414,1251,'1 Litro',1,4500.00,0.00,4500.00),(415,1070,'1 Litro',1,5000.00,0.00,5000.00),(415,1231,'1 kg',1,8000.00,0.00,8000.00),(416,1161,'2 kg',25,985.00,0.00,24625.00),(416,1160,'2 kg',25,985.00,0.00,24625.00),(416,1154,'2 kg',25,985.00,0.00,24625.00),(416,1180,'2 kg',10,2000.00,0.00,20000.00),(416,1288,'2 kg',10,985.00,0.00,9850.00),(416,1306,'5 kg',10,2300.00,0.00,23000.00),(416,1267,'5 kg',10,2275.00,0.00,22750.00),(417,1200,'250 ml',2,2400.00,0.00,4800.00),(418,1198,'3.5 Lts',1,8500.00,0.00,8500.00),(419,1295,'45 kg',1,12000.00,0.00,12000.00),(419,1103,'1 Litro',1,3000.00,0.00,3000.00),(420,1214,'1 Litro',1,4500.00,0.00,4500.00),(421,1160,'2 kg',1,1600.00,0.00,1600.00),(421,1306,'5 kg',1,2400.00,0.00,2400.00),(422,1161,'2 kg',3,1200.00,0.00,3600.00),(422,1160,'2 kg',3,1200.00,0.00,3600.00),(422,1268,'2 kg',3,1200.00,0.00,3600.00),(422,1154,'2 kg',3,1200.00,0.00,3600.00),(423,1284,'45 kg',1,13000.00,0.00,13000.00),(424,1321,'25 kg',10,9.75,0.00,97.50),(425,1289,'45 kg',2,12250.00,0.00,24500.00),(426,1141,'45 kg',1,23000.00,0.00,23000.00),(426,1006,'1 kg',3,11200.00,0.00,33600.00),(426,1192,'3.5 Lts',1,14200.00,0.00,14200.00),(427,1000,'1 Litro',2,5000.00,0.00,10000.00),(427,1194,'1 Litro',2,4000.00,0.00,8000.00),(427,1214,'1 Litro',1,4500.00,0.00,4500.00),(427,1189,'5 Lts',1,38500.00,0.00,38500.00),(428,1200,'250 ml',4,2200.00,0.00,8800.00),(428,1198,'3.5 Lts',2,8200.00,0.00,16400.00),(428,1011,'1 Litro',4,1800.00,0.00,7200.00),(428,1095,'1 Litro',2,1800.00,0.00,3600.00),(429,1198,'3.5 Lts',2,8200.00,0.00,16400.00),(430,1342,'0',2,1620.00,0.00,3240.00),(430,1263,'50 kg',2,4700.00,0.00,9400.00),(430,1261,'1 Litro',1,3000.00,0.00,3000.00),(431,1261,'1 Litro',1,3000.00,0.00,3000.00),(432,1011,'1 Litro',1,2800.00,0.00,2800.00),(432,1200,'250 ml',2,2800.00,0.00,5600.00),(433,1095,'1 Litro',1,2000.00,0.00,2000.00),(434,1311,'45 kg',1,11050.00,0.00,11050.00),(434,1133,'25 kg',2,4105.00,0.00,8210.00),(435,1170,'0',1,5800.00,0.00,5800.00),(435,1070,'',2,4550.00,0.00,9100.00),(435,1124,'',1,5600.00,0.00,5600.00),(435,1110,'0',1,11200.00,0.00,11200.00),(436,1255,'1 Litro',1,7400.00,0.00,7400.00),(436,1238,'1 Litro',1,17600.00,0.00,17600.00),(436,1200,'250 ml',2,2500.00,0.00,5000.00),(437,1289,'45 kg',3,13000.00,0.00,39000.00),(437,1284,'45 kg',3,13500.00,0.00,40500.00),(437,1179,'25 kg',10,2500.00,0.00,25000.00),(438,1343,'5 kg',1,4200.00,0.00,4200.00),(438,1070,'1 Litro',1,4600.00,0.00,4600.00),(438,1308,'250 ml',1,1600.00,0.00,1600.00),(439,1180,'2 kg',1,1800.00,0.00,1800.00),(439,1103,'1 Litro',1,3000.00,0.00,3000.00),(439,1261,'1 Litro',1,2900.00,0.00,2900.00),(439,1095,'1 Litro',1,1800.00,0.00,1800.00),(439,1344,'0',1,1300.00,0.00,1300.00),(439,1007,'1 Litro',1,2700.00,0.00,2700.00),(439,1000,'1 Litro',1,4800.00,0.00,4800.00),(440,1198,'3.5 Lts',1,8200.00,0.00,8200.00),(440,1200,'250 ml',2,2700.00,0.00,5400.00),(440,1232,'1 kg',1,8000.00,0.00,8000.00),(440,1248,'1 kg',1,700.00,0.00,700.00),(440,1214,'1 Litro',1,3000.00,0.00,3000.00),(440,1308,'125 ml',1,1200.00,0.00,1200.00),(441,1116,'45 kg',37,26.50,0.00,980.50),(442,1211,'18 Lts',5,62800.00,0.00,314000.00),(442,1202,'10 g',60,800.00,0.00,48000.00),(443,1011,'1 Litro',1,2700.00,0.00,2700.00),(443,1000,'1 Litro',1,5000.00,0.00,5000.00),(201,1137,'45 kg',1,23000.00,NULL,23000.00),(444,1347,'5 Lts',2,119.50,0.00,239.00),(445,1202,'10 g',4,1100.00,0.00,4400.00),(446,1253,'250 ml',1,2400.00,0.00,2400.00),(446,1221,'1 kg',1,4000.00,0.00,4000.00),(446,1214,'1 Litro',1,4300.00,0.00,4300.00),(449,1195,'19 Lts',1,85.00,0.00,85.00),(449,1193,'20 Lts',1,116.00,0.00,116.00),(450,1292,'45 kg',4,11300.00,0.00,45200.00),(450,1285,'45 kg',80,10400.00,0.00,832000.00),(451,1124,'1 Litro',2,5600.00,0.00,11200.00),(451,1070,'1 Litro',1,4600.00,0.00,4600.00),(452,1052,'20 Lts',1,89200.00,0.00,89200.00),(452,1173,'20 Lts',1,75100.00,0.00,75100.00),(452,1241,'3.5 Lts',1,18200.00,3.00,18200.00),(452,1143,'45 kg',5,8900.00,3.00,44500.00),(453,1244,'20 Lts',1,28000.00,0.00,28000.00),(453,1348,'3.5 Lts',1,13900.00,0.00,13900.00),(453,1242,'3.5 Lts',2,18000.00,0.00,36000.00),(453,1249,'3.5 Lts',2,15250.00,0.00,30500.00),(454,1232,'1 Litro',1,7200.00,0.00,7200.00),(454,1214,'1 Litro',1,4000.00,0.00,4000.00),(454,1261,'1 Litro',1,3000.00,0.00,3000.00),(454,1095,'1 Litro',1,1800.00,0.00,1800.00),(455,1007,'1 Litro',1,2900.00,0.00,2900.00),(455,1198,'3.5 Lts',1,8200.00,0.00,8200.00),(455,1095,'1 Litro',1,1800.00,0.00,1800.00),(455,1289,'45 kg',1,12600.00,0.00,12600.00),(456,1332,'3.5 Lts',1,20000.00,0.00,20000.00),(456,1251,'1 Litro',1,4500.00,0.00,4500.00),(457,1194,'1 Litro',1,4000.00,0.00,4000.00),(457,1000,'1 Litro',1,5000.00,0.00,5000.00),(457,1007,'1 Litro',1,3000.00,0.00,3000.00),(457,1124,'1 Litro',1,6000.00,0.00,6000.00),(458,1007,'1 Litro',1,3000.00,0.00,3000.00),(458,1149,'15 kg',1,24850.00,0.00,24850.00),(458,1284,'45 kg',1,12500.00,0.00,12500.00),(458,1248,'1 kg',1,0.00,0.00,0.00),(459,1221,'1 kg',2,4300.00,0.00,8600.00),(459,1221,'1 Litro',1,11200.00,0.00,11200.00),(459,1289,'45 kg',2,13000.00,0.00,26000.00),(459,1179,'50 kg',5,2500.00,0.00,12500.00),(459,1133,'1 kg',2,500.00,0.00,1000.00),(460,1127,'1 kg',2,6900.00,0.00,13800.00),(460,1278,'3.5 Lts',1,5400.00,0.00,5400.00),(460,1198,'3.5 Lts',1,8200.00,0.00,8200.00),(460,1147,'1 Litro',1,13500.00,0.00,13500.00),(460,1261,'1 Litro',1,3400.00,0.00,3400.00),(461,1198,'3.5 Lts',2,8200.00,0.00,16400.00),(462,1308,'125 ml',4,675.00,0.00,2700.00),(463,1110,'1 Litro',1,11200.00,0.00,11200.00),(463,1095,'1 Litro',1,1800.00,0.00,1800.00),(464,1261,'1 Litro',1,3000.00,0.00,3000.00),(464,1110,'1 Litro',1,11200.00,0.00,11200.00),(464,1294,'1 Litro',1,6500.00,0.00,6500.00),(465,1248,'1 kg',2,1300.00,0.00,2600.00),(465,1194,'1 Litro',1,3900.00,0.00,3900.00),(465,1000,'1 Litro',1,4800.00,0.00,4800.00),(465,1269,'1 kg',1,6600.00,0.00,6600.00),(465,1332,'3.5 Lts',1,20000.00,0.00,20000.00),(466,1277,'50 kg',2,4700.00,0.00,9400.00),(467,1322,'50 kg',4,7500.00,0.00,30000.00),(467,1285,'45 kg',2,11500.00,0.00,23000.00),(467,1261,'1 Litro',1,3500.00,0.00,3500.00),(467,1257,'1 Litro',1,3000.00,0.00,3000.00),(468,1199,'19 Lts',3,24500.00,0.00,73500.00),(468,1204,'19 Lts',2,23500.00,0.00,47000.00),(468,1211,'18 Lts',5,58900.00,0.00,294500.00),(469,1007,'1 Litro',4,2500.00,0.00,10000.00),(469,1095,'1 Litro',1,1800.00,0.00,1800.00),(470,1000,'1 Litro',1,5000.00,0.00,5000.00),(470,1198,'3.5 Lts',1,8200.00,0.00,8200.00),(471,1003,'3.5 Lts',2,12250.00,3.00,24500.00),(471,1192,'3.5 Lts',2,14200.00,3.00,28400.00),(471,1006,'1 kg',3,11200.00,3.00,33600.00),(471,1198,'3.5 Lts',1,8200.00,0.00,8200.00),(472,1284,'45 kg',20,12900.00,0.00,258000.00),(472,1295,'45 kg',20,12500.00,0.00,250000.00),(472,1292,'45 kg',10,11900.00,0.00,119000.00),(472,1130,'45 kg',10,10100.00,0.00,101000.00),(472,1321,'25 kg',5,8900.00,0.00,44500.00),(472,1087,'25 kg',5,12100.00,0.00,60500.00),(473,1351,'3.5 Lts',1,31100.00,0.00,31100.00),(474,1351,'3.5 Lts',1,31100.00,0.00,31100.00),(475,1206,'3.5 Lts',1,7600.00,0.00,7600.00),(475,1203,'3.5 Lts',1,7200.00,0.00,7200.00),(475,1202,'10 g',4,1000.00,0.00,4000.00),(476,1179,'50 kg',8,2700.00,0.00,21600.00),(476,1284,'45 kg',1,13100.00,0.00,13100.00),(477,1141,'45 kg',10,42.95,0.00,429.50),(477,1141,'45 kg',1,0.00,0.00,0.00),(477,1284,'45 kg',10,22.90,0.00,229.00),(478,1284,'2 kg',3,975.00,0.00,2925.00),(478,1292,'2 kg',3,975.00,0.00,2925.00),(478,1289,'2 kg',3,975.00,0.00,2925.00),(478,1285,'2 kg',3,975.00,0.00,2925.00),(478,1180,'2 kg',3,1800.00,0.00,5400.00),(479,1154,'2 kg',3,975.00,0.00,2925.00),(480,1007,'1 Litro',1,2700.00,0.00,2700.00),(481,1253,'250 ml',1,1450.00,0.00,1450.00),(481,1308,'250 ml',2,550.00,0.00,1100.00),(482,1253,'250 ml',1,1450.00,0.00,1450.00),(482,1308,'125 ml',2,550.00,0.00,1100.00);
/*!40000 ALTER TABLE `detalle_prefactura` ENABLE KEYS */;
UNLOCK TABLES;

--
-- Table structure for table `prefactura`
--

DROP TABLE IF EXISTS `prefactura`;
/*!40101 SET @saved_cs_client     = @@character_set_client */;
/*!40101 SET character_set_client = utf8 */;
CREATE TABLE `prefactura` (
  `id` int(11) NOT NULL AUTO_INCREMENT,
  `Cliente_id` int(11) NOT NULL,
  `IGV` decimal(10,2) NOT NULL DEFAULT '0.00',
  `SubTotal` decimal(10,2) NOT NULL DEFAULT '0.00',
  `Total` decimal(10,2) NOT NULL DEFAULT '0.00',
  `Tipo_Pago` varchar(45) CHARACTER SET utf8 COLLATE utf8_spanish_ci DEFAULT NULL,
  `Moneda` varchar(45) CHARACTER SET utf8 COLLATE utf8_spanish_ci DEFAULT NULL,
  `descuento` decimal(10,2) DEFAULT NULL,
  `fecha` varchar(15) CHARACTER SET utf8 COLLATE utf8_spanish_ci DEFAULT NULL,
  `fechaVence` varchar(15) CHARACTER SET utf8 COLLATE utf8_spanish_ci DEFAULT NULL,
  `estado` varchar(30) DEFAULT 'PREFACTURA',
  PRIMARY KEY (`id`)
) ENGINE=InnoDB AUTO_INCREMENT=483 DEFAULT CHARSET=utf8;
/*!40101 SET character_set_client = @saved_cs_client */;

--
-- Dumping data for table `prefactura`
--

LOCK TABLES `prefactura` WRITE;
/*!40000 ALTER TABLE `prefactura` DISABLE KEYS */;
INSERT INTO `prefactura` VALUES (181,74,0.00,147.50,147.50,'Credito','DOLARES',0.00,'09-06-2016','24-06-2016','FACTURADO'),(182,73,0.00,73171.00,73171.00,'Credito','COLONES',0.00,'09-06-2016','24-06-2016','FACTURADO'),(183,75,0.00,28800.00,28800.00,'Credito','COLONES',0.00,'10-06-2016','10-07-2016','FACTURADO'),(184,76,0.00,17200.00,17200.00,'Credito','COLONES',0.00,'10-06-2016','10-07-2016','FACTURADO'),(185,77,0.00,106500.00,106500.00,'Credito','COLONES',0.00,'10-06-2016','10-07-2016','FACTURADO'),(186,54,0.00,140.00,140.00,'Contado','DOLARES',0.00,'15-06-2016','15-06-2016','FACTURADO'),(187,63,0.00,31500.00,31500.00,'Contado','COLONES',0.00,'10-06-2016','10-06-2016','FACTURADO'),(188,46,0.00,9500.00,9500.00,'Credito','COLONES',0.00,'10-06-2016','10-07-2016','FACTURADO'),(189,78,0.00,260000.00,260000.00,'Contado','COLONES',0.00,'13-06-2016','13-06-2016','FACTURADO'),(190,64,0.00,77525.00,77525.00,'Credito','COLONES',0.00,'13-06-2016','13-07-2016','FACTURADO'),(191,44,0.00,182595.00,182595.00,'Contado','COLONES',0.05,'14-06-2016','14-06-2016','FACTURADO'),(192,79,0.00,78700.00,78700.00,'Contado','COLONES',0.00,'14-06-2016','14-06-2016','FACTURADO'),(193,80,0.00,6900.00,6900.00,'Contado','COLONES',0.00,'14-06-2016','14-06-2016','FACTURADO'),(195,67,0.00,16400.00,16400.00,'Contado','COLONES',0.00,'16-06-2016','16-06-2016','FACTURADO'),(196,44,0.00,59763.00,59763.00,'Contado','COLONES',0.00,'15-06-2016','15-06-2016','FACTURADO'),(197,66,0.00,117915.00,117915.00,'Contado','COLONES',NULL,'16-06-2016','16-06-2016','FACTURADO'),(198,45,0.00,62.95,62.95,'Credito','DOLARES',0.00,'16-06-2016','16-07-2016','FACTURADO'),(199,81,0.00,9900.00,9900.00,'Contado','COLONES',0.00,'16-06-2016','16-06-2016','FACTURADO'),(200,66,0.00,46600.00,46600.00,'Contado','COLONES',0.00,'16-06-2016','16-06-2016','FACTURADO'),(201,82,0.00,23000.00,23000.00,'Credito','COLONES',0.00,'17-06-2016','17-07-2016','FACTURADO'),(202,54,0.00,660.00,660.00,'Contado','DOLARES',0.00,'20-06-2016','20-06-2016','FACTURADO'),(203,83,0.00,42200.00,42200.00,'Contado','COLONES',0.00,'20-06-2016','20-06-2016','FACTURADO'),(204,76,0.00,10500.00,10500.00,'Contado','COLONES',0.00,'20-06-2016','20-06-2016','FACTURADO'),(206,84,0.00,12400.00,12400.00,'Contado','COLONES',0.00,'20-06-2016','20-06-2016','FACTURADO'),(207,85,0.00,23000.00,23000.00,'Contado','COLONES',0.00,'20-06-2016','20-06-2016','FACTURADO'),(208,45,0.00,2753.00,2753.00,'Credito','DOLARES',0.00,'21-06-2016','21-07-2016','FACTURADO'),(209,86,0.00,84000.00,84000.00,'Credito','COLONES',0.00,'21-06-2016','06-07-2016','FACTURADO'),(210,87,0.00,111550.00,111550.00,'Credito','COLONES',0.00,'21-06-2016','21-07-2016','FACTURADO'),(211,88,0.00,69000.00,69000.00,'Credito','COLONES',0.00,'21-06-2016','29-06-2016','FACTURADO'),(212,89,0.00,36500.00,36500.00,'Contado','COLONES',0.00,'21-06-2016','21-06-2016','FACTURADO'),(213,66,0.00,24850.00,24850.00,'Contado','COLONES',0.00,'22-06-2016','22-06-2016','FACTURADO'),(214,44,0.00,12200.00,12200.00,'Credito','COLONES',0.00,'23-06-2016','23-07-2016','FACTURADO'),(215,55,0.00,32375.00,32375.00,'Credito','COLONES',0.00,'23-06-2016','01-07-2016','FACTURADO'),(216,82,0.00,15000.00,15000.00,'Credito','COLONES',0.00,'23-06-2016','23-07-2016','FACTURADO'),(217,87,0.00,35000.00,35000.00,'Credito','COLONES',0.00,'23-06-2016','08-07-2016','FACTURADO'),(218,91,0.00,7000.00,7000.00,'Contado','COLONES',0.00,'23-06-2016','23-06-2016','FACTURADO'),(219,92,0.00,19000.00,19000.00,'Contado','COLONES',0.00,'23-06-2016','23-06-2016','FACTURADO'),(220,93,0.00,65800.00,65800.00,'Contado','COLONES',0.00,'24-06-2016','24-06-2016','FACTURADO'),(221,93,0.00,2100.00,2100.00,'Contado','COLONES',0.00,'24-06-2016','24-06-2016','FACTURADO'),(222,61,0.00,5500.00,5500.00,'Contado','COLONES',0.00,'24-06-2016','24-06-2016','FACTURADO'),(223,94,0.00,11100.00,11100.00,'Contado','COLONES',0.00,'27-06-2016','27-06-2016','FACTURADO'),(224,73,0.00,91950.00,91950.00,'Credito','COLONES',0.00,'27-06-2016','27-07-2016','FACTURADO'),(225,44,0.00,312675.00,312675.00,'Credito','COLONES',0.00,'28-06-2016','28-07-2016','FACTURADO'),(226,91,0.00,13600.00,13600.00,'Credito','COLONES',0.00,'28-06-2016','06-07-2016','FACTURADO'),(227,46,0.00,8800.00,8800.00,'Credito','COLONES',0.00,'30-06-2016','30-07-2016','FACTURADO'),(228,80,0.00,48000.00,48000.00,'Contado','COLONES',0.00,'30-06-2016','30-06-2016','FACTURADO'),(230,85,0.00,17000.00,17000.00,'Credito','COLONES',NULL,'30-06-2016','03-07-2016','FACTURADO'),(231,95,0.00,8000.00,8000.00,'Contado','COLONES',NULL,'30-06-2016','30-06-2016','FACTURADO'),(232,64,0.00,24500.00,24500.00,'Credito','COLONES',NULL,'01-07-2016','31-07-2016','FACTURADO'),(233,46,0.00,5800.00,5800.00,'Credito','COLONES',NULL,'01-07-2016','31-07-2016','FACTURADO'),(234,96,0.00,18200.00,18200.00,'Credito','COLONES',NULL,'01-07-2016','09-07-2016','FACTURADO'),(235,45,0.00,1665.00,1665.00,'Credito','DOLARES',NULL,'02-07-2016','01-08-2016','FACTURADO'),(236,88,0.00,8700.00,8700.00,'Credito','COLONES',NULL,'04-07-2016','03-08-2016','FACTURADO'),(237,88,0.00,6900.00,6900.00,'Credito','COLONES',NULL,'04-07-2016','03-08-2016','FACTURADO'),(238,47,0.00,25200.00,25200.00,'Credito','COLONES',NULL,'04-07-2016','12-07-2016','FACTURADO'),(239,96,0.00,7200.00,7200.00,'Credito','COLONES',NULL,'04-07-2016','07-07-2016','FACTURADO'),(240,65,0.00,17200.00,17200.00,'Contado','COLONES',NULL,'06-07-2016','06-07-2016','FACTURADO'),(241,90,0.00,17000.00,17000.00,'Credito','COLONES',NULL,'06-07-2016','05-08-2016','FACTURADO'),(242,97,0.00,14500.00,14500.00,'Credito','COLONES',NULL,'06-07-2016','05-08-2016','FACTURADO'),(243,96,0.00,11000.00,11000.00,'Credito','COLONES',NULL,'06-07-2016','09-07-2016','FACTURADO'),(244,66,0.00,46250.00,46250.00,'Contado','COLONES',NULL,'06-07-2016','06-07-2016','FACTURADO'),(245,67,0.00,17000.00,17000.00,'Contado','COLONES',NULL,'07-07-2016','07-07-2016','FACTURADO'),(246,64,0.00,432.10,432.10,'Credito','DOLARES',NULL,'07-07-2016','06-08-2016','FACTURADO'),(247,92,0.00,45000.00,45000.00,'Credito','COLONES',NULL,'07-07-2016','22-07-2016','FACTURADO'),(248,44,0.00,154000.00,154000.00,'Credito','COLONES',NULL,'08-07-2016','07-08-2016','FACTURADO'),(249,64,0.00,32.50,32.50,'Credito','DOLARES',NULL,'08-07-2016','07-08-2016','FACTURADO'),(250,44,0.00,34600.00,34600.00,'Credito','COLONES',NULL,'08-07-2016','07-08-2016','FACTURADO'),(252,98,0.00,64550.00,64550.00,'Contado','COLONES',NULL,'08-07-2016','08-07-2016','FACTURADO'),(253,99,0.00,48400.00,48400.00,'Contado','COLONES',NULL,'09-07-2016','09-07-2016','FACTURADO'),(254,46,0.00,17600.00,17600.00,'Credito','COLONES',NULL,'11-07-2016','10-08-2016','FACTURADO'),(255,79,0.00,87850.00,87850.00,'Credito','COLONES',NULL,'11-07-2016','10-08-2016','FACTURADO'),(256,100,0.00,60950.00,60950.00,'Credito','COLONES',NULL,'11-07-2016','19-07-2016','FACTURADO'),(257,101,0.00,34500.00,34500.00,'Contado','COLONES',NULL,'12-07-2016','12-07-2016','FACTURADO'),(258,102,0.00,46500.00,46500.00,'Contado','COLONES',NULL,'13-07-2016','13-07-2016','FACTURADO'),(259,102,0.00,5500.00,5500.00,'Contado','COLONES',NULL,'13-07-2016','13-07-2016','FACTURADO'),(260,79,0.00,13800.00,13800.00,'Credito','COLONES',NULL,'13-07-2016','12-08-2016','FACTURADO'),(261,89,0.00,33200.00,33200.00,'Credito','COLONES',NULL,'15-07-2016','14-08-2016','FACTURADO'),(262,91,0.00,17500.00,17500.00,'Credito','COLONES',NULL,'15-07-2016','23-07-2016','FACTURADO'),(263,62,0.00,12500.00,12500.00,'Contado','COLONES',NULL,'15-07-2016','15-07-2016','FACTURADO'),(264,74,0.00,520.00,520.00,'Contado','DOLARES',NULL,'15-07-2016','15-07-2016','FACTURADO'),(265,61,0.00,3500.00,3500.00,'Contado','COLONES',NULL,'15-07-2016','15-07-2016','FACTURADO'),(266,76,0.00,17200.00,17200.00,'Contado','COLONES',NULL,'15-07-2016','15-07-2016','FACTURADO'),(267,85,0.00,27450.00,27450.00,'Contado','COLONES',NULL,'15-07-2016','15-07-2016','FACTURADO'),(268,103,0.00,35850.00,35850.00,'Contado','COLONES',NULL,'18-07-2016','18-07-2016','FACTURADO'),(269,86,0.00,16000.00,16000.00,'Credito','COLONES',NULL,'19-07-2016','03-08-2016','FACTURADO'),(270,67,0.00,11000.00,11000.00,'Contado','COLONES',NULL,'19-07-2016','19-07-2016','FACTURADO'),(271,96,0.00,9000.00,9000.00,'Contado','COLONES',NULL,'19-07-2016','19-07-2016','FACTURADO'),(272,76,0.00,17200.00,17200.00,'Credito','COLONES',NULL,'19-07-2016','27-07-2016','FACTURADO'),(274,65,0.00,9200.00,9200.00,'Contado','COLONES',NULL,'19-07-2016','19-07-2016','FACTURADO'),(275,54,0.00,836.95,836.95,'Credito','DOLARES',NULL,'20-07-2016','18-09-2016','FACTURADO'),(276,96,0.00,67700.00,67700.00,'Credito','COLONES',NULL,'20-07-2016','04-08-2016','FACTURADO'),(277,85,0.00,8500.00,8500.00,'Contado','COLONES',NULL,'20-07-2016','20-07-2016','FACTURADO'),(278,107,0.00,8500.00,8500.00,'Contado','COLONES',NULL,'20-07-2016','20-07-2016','FACTURADO'),(279,55,0.00,97500.00,97500.00,'Contado','COLONES',NULL,'20-07-2016','20-07-2016','FACTURADO'),(280,62,0.00,63100.00,63100.00,'Credito','COLONES',NULL,'21-07-2016','20-08-2016','FACTURADO'),(281,108,0.00,94950.00,94950.00,'Credito','COLONES',NULL,'21-07-2016','20-08-2016','FACTURADO'),(282,74,0.00,125.00,125.00,'Credito','DOLARES',NULL,'21-07-2016','29-07-2016','FACTURADO'),(284,102,0.00,26250.00,26250.00,'Contado','COLONES',NULL,'21-07-2016','21-07-2016','FACTURADO'),(285,85,0.00,3950.00,3950.00,'Contado','COLONES',NULL,'21-07-2016','21-07-2016','FACTURADO'),(286,109,0.00,16100.00,16100.00,'Contado','COLONES',NULL,'21-07-2016','21-07-2016','FACTURADO'),(287,45,0.00,425.00,425.00,'Credito','DOLARES',NULL,'22-07-2016','21-08-2016','FACTURADO'),(288,102,0.00,9000.00,9000.00,'Contado','COLONES',NULL,'22-07-2016','22-07-2016','FACTURADO'),(289,111,0.00,3000.00,3000.00,'Contado','COLONES',NULL,'22-07-2016','22-07-2016','FACTURADO'),(290,112,0.00,2700.00,2700.00,'Credito','COLONES',NULL,'22-07-2016','21-08-2016','FACTURADO'),(291,113,0.00,18500.00,18500.00,'Contado','COLONES',NULL,'22-07-2016','22-07-2016','FACTURADO'),(292,114,0.00,93150.00,93150.00,'Contado','COLONES',NULL,'25-07-2016','25-07-2016','FACTURADO'),(293,97,0.00,5000.00,5000.00,'Contado','COLONES',NULL,'25-07-2016','25-07-2016','FACTURADO'),(294,102,0.00,21600.00,21600.00,'Contado','COLONES',NULL,'25-07-2016','25-07-2016','FACTURADO'),(295,115,0.00,12800.00,12800.00,'Contado','COLONES',NULL,'25-07-2016','25-07-2016','FACTURADO'),(296,114,0.00,134800.00,134800.00,'Credito','COLONES',NULL,'25-07-2016','24-08-2016','FACTURADO'),(297,114,0.00,13700.00,13700.00,'Contado','COLONES',NULL,'25-07-2016','25-07-2016','FACTURADO'),(298,116,0.00,13800.00,13800.00,'Contado','COLONES',NULL,'25-07-2016','25-07-2016','FACTURADO'),(300,117,0.00,3800.00,3800.00,'Contado','COLONES',NULL,'26-07-2016','26-07-2016','FACTURADO'),(301,46,0.00,134200.00,134200.00,'Credito','COLONES',NULL,'27-07-2016','26-08-2016','FACTURADO'),(302,79,0.00,25800.00,25800.00,'Credito','COLONES',NULL,'27-07-2016','26-08-2016','FACTURADO'),(303,88,0.00,46200.00,46200.00,'Credito','COLONES',NULL,'27-07-2016','26-08-2016','FACTURADO'),(304,66,0.00,114075.00,114075.00,'Contado','COLONES',NULL,'27-07-2016','27-07-2016','FACTURADO'),(305,109,0.00,5400.00,5400.00,'Contado','COLONES',NULL,'27-07-2016','27-07-2016','FACTURADO'),(306,109,0.00,13000.00,13000.00,'Contado','COLONES',NULL,'27-07-2016','27-07-2016','FACTURADO'),(307,118,0.00,66700.00,66700.00,'Contado','COLONES',NULL,'28-07-2016','28-07-2016','FACTURADO'),(308,119,0.00,20200.00,20200.00,'Contado','COLONES',NULL,'28-07-2016','28-07-2016','FACTURADO'),(310,120,0.00,8200.00,8200.00,'Contado','COLONES',NULL,'29-07-2016','29-07-2016','FACTURADO'),(311,104,0.00,48850.00,48850.00,'Contado','COLONES',NULL,'29-07-2016','29-07-2016','FACTURADO'),(312,114,0.00,9500.00,9500.00,'Contado','COLONES',NULL,'30-07-2016','30-07-2016','FACTURADO'),(313,121,0.00,8200.00,8200.00,'Contado','COLONES',NULL,'30-07-2016','30-07-2016','FACTURADO'),(314,122,0.00,18500.00,18500.00,'Contado','COLONES',NULL,'30-07-2016','30-07-2016','FACTURADO'),(315,88,0.00,64200.00,64200.00,'Credito','COLONES',NULL,'30-07-2016','29-08-2016','FACTURADO'),(316,48,0.00,179100.00,179100.00,'Credito','COLONES',NULL,'30-07-2016','14-08-2016','FACTURADO'),(317,100,0.00,208600.00,208600.00,'Credito','COLONES',NULL,'01-08-2016','31-08-2016','FACTURADO'),(318,124,0.00,143500.00,143500.00,'Credito','COLONES',NULL,'01-08-2016','31-08-2016','FACTURADO'),(320,123,0.00,34000.00,34000.00,'Contado','COLONES',NULL,'01-08-2016','01-08-2016','FACTURADO'),(321,108,0.00,36000.00,36000.00,'Credito','COLONES',NULL,'01-08-2016','31-08-2016','FACTURADO'),(322,97,0.00,86100.00,86100.00,'Credito','COLONES',NULL,'01-08-2016','31-08-2016','FACTURADO'),(324,88,0.00,48400.00,48400.00,'Credito','COLONES',NULL,'03-08-2016','02-09-2016','FACTURADO'),(326,90,0.00,35500.00,35500.00,'Credito','COLONES',NULL,'03-08-2016','02-09-2016','FACTURADO'),(327,65,0.00,17400.00,17400.00,'Contado','COLONES',NULL,'03-08-2016','03-08-2016','FACTURADO'),(328,126,0.00,89100.00,89100.00,'Contado','COLONES',NULL,'03-08-2016','03-08-2016','FACTURADO'),(329,82,0.00,23550.00,23550.00,'Credito','COLONES',NULL,'03-08-2016','02-09-2016','FACTURADO'),(330,127,0.00,13000.00,13000.00,'Credito','COLONES',NULL,'03-08-2016','02-09-2016','FACTURADO'),(331,114,0.00,10300.00,10300.00,'Contado','COLONES',NULL,'03-08-2016','03-08-2016','FACTURADO'),(332,118,0.00,27500.00,27500.00,'Contado','COLONES',NULL,'03-08-2016','03-08-2016','FACTURADO'),(333,128,0.00,366100.00,366100.00,'Credito','COLONES',NULL,'04-08-2016','03-10-2016','FACTURADO'),(334,114,0.00,11500.00,11500.00,'Contado','COLONES',NULL,'04-08-2016','04-08-2016','FACTURADO'),(335,44,0.00,36400.00,36400.00,'Credito','COLONES',NULL,'04-08-2016','03-10-2016','FACTURADO'),(336,129,0.00,1210.00,1210.00,'Credito','DOLARES',NULL,'05-08-2016','04-09-2016','FACTURADO'),(337,46,0.00,13200.00,13200.00,'Credito','COLONES',NULL,'05-08-2016','04-09-2016','FACTURADO'),(338,130,0.00,2500.00,2500.00,'Contado','COLONES',NULL,'05-08-2016','05-08-2016','FACTURADO'),(339,131,0.00,16600.00,16600.00,'Contado','COLONES',NULL,'05-08-2016','05-08-2016','FACTURADO'),(340,132,0.00,8200.00,8200.00,'Contado','COLONES',NULL,'05-08-2016','05-08-2016','FACTURADO'),(341,49,0.00,18000.00,18000.00,'Credito','COLONES',NULL,'05-08-2016','04-09-2016','FACTURADO'),(342,133,0.00,58200.00,58200.00,'Credito','COLONES',NULL,'05-08-2016','04-09-2016','FACTURADO'),(343,82,0.00,33810.00,33810.00,'Credito','COLONES',NULL,'05-08-2016','04-09-2016','FACTURADO'),(344,134,0.00,8200.00,8200.00,'Contado','COLONES',0.00,'09-08-2016','09-08-2016','FACTURADO'),(345,137,0.00,16000.00,16000.00,'Contado','COLONES',0.00,'09-08-2016','09-08-2016','FACTURADO'),(346,97,0.00,27000.00,27000.00,'Credito','COLONES',0.00,'09-08-2016','08-09-2016','FACTURADO'),(348,74,0.00,157.00,157.00,'Credito','DOLARES',0.00,'09-08-2016','08-09-2016','FACTURADO'),(349,54,0.00,671.00,671.00,'Credito','DOLARES',0.00,'09-08-2016','08-09-2016','FACTURADO'),(350,138,0.00,137300.00,137300.00,'Contado','COLONES',NULL,'09-08-2016','09-08-2016','FACTURADO'),(351,135,0.00,33100.00,33100.00,'Contado','COLONES',NULL,'09-08-2016','09-08-2016','FACTURADO'),(352,82,0.00,26500.00,26500.00,'Credito','COLONES',NULL,'09-08-2016','09-08-2016','FACTURADO'),(353,122,0.00,11000.00,11000.00,'Contado','COLONES',NULL,'09-08-2016','09-08-2016','FACTURADO'),(354,94,0.00,45000.00,45000.00,'Contado','COLONES',NULL,'10-08-2016','10-08-2016','FACTURADO'),(355,89,0.00,13000.00,13000.00,'Credito','COLONES',NULL,'10-08-2016','09-09-2016','FACTURADO'),(356,139,0.00,11600.00,11600.00,'Contado','COLONES',NULL,'10-08-2016','10-08-2016','FACTURADO'),(357,87,0.00,22850.00,22850.00,'Credito','COLONES',NULL,'10-08-2016','09-09-2016','FACTURADO'),(358,97,0.00,8500.00,8500.00,'Credito','COLONES',NULL,'10-08-2016','09-09-2016','FACTURADO'),(359,49,0.00,30200.00,30200.00,'Credito','COLONES',NULL,'10-08-2016','09-09-2016','FACTURADO'),(360,141,0.00,88000.00,88000.00,'Contado','COLONES',NULL,'10-08-2016','10-08-2016','FACTURADO'),(361,78,0.00,1512525.00,1512525.00,'Credito','COLONES',NULL,'10-08-2016','25-08-2016','FACTURADO'),(362,66,0.00,18300.00,18300.00,'Contado','COLONES',NULL,'10-08-2016','10-08-2016','FACTURADO'),(363,142,0.00,14000.00,14000.00,'Contado','COLONES',NULL,'11-08-2016','11-08-2016','FACTURADO'),(364,122,0.00,94500.00,94500.00,'Credito','COLONES',NULL,'11-08-2016','25-09-2016','FACTURADO'),(365,85,0.00,8100.00,8100.00,'Contado','COLONES',NULL,'11-08-2016','11-08-2016','FACTURADO'),(366,143,0.00,187700.00,187700.00,'Credito','COLONES',NULL,'11-08-2016','10-09-2016','FACTURADO'),(367,144,0.00,24300.00,24300.00,'Contado','COLONES',NULL,'11-08-2016','10-09-2016','FACTURADO'),(368,133,0.00,116400.00,116400.00,'Contado','COLONES',NULL,'12-08-2016','12-08-2016','FACTURADO'),(369,88,0.00,12400.00,12400.00,'Contado','COLONES',NULL,'12-08-2016','12-08-2016','FACTURADO'),(370,145,0.00,10400.00,10400.00,'Contado','COLONES',NULL,'12-08-2016','12-08-2016','FACTURADO'),(371,129,0.00,500.00,500.00,'Credito','DOLARES',NULL,'12-08-2016','11-09-2016','FACTURADO'),(372,54,0.00,95.00,95.00,'Credito','DOLARES',NULL,'12-08-2016','11-09-2016','FACTURADO'),(373,146,0.00,45500.00,45500.00,'Credito','COLONES',NULL,'12-08-2016','11-09-2016','FACTURADO'),(375,145,0.00,11150.00,11150.00,'Contado','COLONES',NULL,'12-08-2016','12-08-2016','FACTURADO'),(376,147,0.00,4800.00,4800.00,'Contado','COLONES',NULL,'12-08-2016','12-08-2016','FACTURADO'),(377,147,0.00,4800.00,4800.00,'Contado','COLONES',NULL,'12-08-2016','12-08-2016','FACTURADO'),(378,85,0.00,53100.00,53100.00,'Contado','COLONES',NULL,'12-08-2016','12-08-2016','FACTURADO'),(379,114,0.00,19200.00,19200.00,'Contado','COLONES',NULL,'12-08-2016','12-08-2016','FACTURADO'),(380,148,0.00,83400.00,83400.00,'Contado','COLONES',NULL,'12-08-2016','12-08-2016','FACTURADO'),(381,149,0.00,12000.00,12000.00,'Contado','COLONES',NULL,'17-08-2016','17-08-2016','FACTURADO'),(382,150,0.00,33400.00,33400.00,'Credito','COLONES',NULL,'17-08-2016','16-09-2016','FACTURADO'),(383,98,0.00,35700.00,35700.00,'Contado','COLONES',NULL,'17-08-2016','17-08-2016','FACTURADO'),(384,46,0.00,11200.00,11200.00,'Contado','COLONES',NULL,'17-08-2016','17-08-2016','FACTURADO'),(385,64,0.00,846.37,846.37,'Credito','COLONES',NULL,'17-08-2016','16-09-2016','FACTURADO'),(386,151,0.00,17300.00,17300.00,'Contado','COLONES',NULL,'17-08-2016','17-08-2016','FACTURADO'),(387,125,0.00,45000.00,45000.00,'Contado','COLONES',NULL,'17-08-2016','17-08-2016','FACTURADO'),(388,114,0.00,4700.00,4700.00,'Contado','COLONES',NULL,'17-08-2016','17-08-2016','FACTURADO'),(389,148,0.00,8700.00,8700.00,'Contado','COLONES',NULL,'17-08-2016','17-08-2016','FACTURADO'),(390,152,0.00,12600.00,12600.00,'Contado','COLONES',NULL,'17-08-2016','17-08-2016','FACTURADO'),(391,82,0.00,56705.00,56705.00,'Contado','COLONES',NULL,'17-08-2016','17-08-2016','FACTURADO'),(392,114,0.00,90469.00,90469.00,'Contado','COLONES',NULL,'18-08-2016','18-08-2016','FACTURADO'),(393,89,0.00,47100.00,47100.00,'Credito','COLONES',NULL,'18-08-2016','18-08-2016','FACTURADO'),(394,73,0.00,189800.00,189800.00,'Contado','COLONES',NULL,'18-08-2016','18-08-2016','FACTURADO'),(395,153,0.00,60100.00,60100.00,'Credito','COLONES',NULL,'18-08-2016','17-09-2016','FACTURADO'),(396,153,0.00,62900.00,62900.00,'Contado','COLONES',NULL,'18-08-2016','18-08-2016','FACTURADO'),(397,154,0.00,8500.00,8500.00,'Contado','COLONES',NULL,'18-08-2016','18-08-2016','FACTURADO'),(398,125,0.00,17200.00,17200.00,'Contado','COLONES',NULL,'18-08-2016','18-08-2016','FACTURADO'),(399,62,0.00,8800.00,8800.00,'Credito','COLONES',NULL,'18-08-2016','17-09-2016','FACTURADO'),(400,155,0.00,7500.00,7500.00,'Contado','COLONES',NULL,'18-08-2016','18-08-2016','FACTURADO'),(401,54,0.00,38.00,38.00,'Credito','DOLARES',NULL,'18-08-2016','17-09-2016','FACTURADO'),(402,54,0.00,125.00,125.00,'Credito','DOLARES',NULL,'18-08-2016','17-09-2016','FACTURADO'),(403,85,0.00,4000.00,4000.00,'Contado','COLONES',NULL,'18-08-2016','18-08-2016','FACTURADO'),(404,150,0.00,17000.00,17000.00,'Credito','COLONES',NULL,'18-08-2016','18-08-2016','FACTURADO'),(405,88,0.00,15300.00,15300.00,'Credito','COLONES',NULL,'18-08-2016','17-09-2016','FACTURADO'),(406,156,0.00,15200.00,15200.00,'Contado','COLONES',NULL,'20-08-2016','20-08-2016','FACTURADO'),(407,114,0.00,21645.00,21645.00,'Contado','COLONES',NULL,'20-08-2016','20-08-2016','FACTURADO'),(408,125,0.00,1800.00,1800.00,'Contado','COLONES',NULL,'20-08-2016','20-08-2016','FACTURADO'),(409,66,0.00,180000.00,180000.00,'Contado','COLONES',NULL,'22-08-2016','22-08-2016','FACTURADO'),(410,98,0.00,8000.00,8000.00,'Contado','COLONES',NULL,'22-08-2016','22-08-2016','FACTURADO'),(411,157,0.00,660000.00,660000.00,'Contado','COLONES',NULL,'22-08-2016','22-08-2016','FACTURADO'),(412,95,0.00,10900.00,10900.00,'Contado','COLONES',NULL,'22-08-2016','22-08-2016','FACTURADO'),(413,155,0.00,42000.00,42000.00,'Contado','COLONES',NULL,'23-08-2016','23-08-2016','FACTURADO'),(414,158,0.00,19500.00,19500.00,'Contado','COLONES',NULL,'23-08-2016','23-08-2016','FACTURADO'),(415,85,0.00,13000.00,13000.00,'Contado','COLONES',NULL,'23-08-2016','23-08-2016','FACTURADO'),(416,55,0.00,149475.00,149475.00,'Contado','COLONES',NULL,'23-08-2016','23-08-2016','FACTURADO'),(417,159,0.00,4800.00,4800.00,'Contado','COLONES',NULL,'23-08-2016','23-08-2016','FACTURADO'),(418,160,0.00,8500.00,8500.00,'Contado','COLONES',NULL,'23-08-2016','23-08-2016','FACTURADO'),(419,60,0.00,15000.00,15000.00,'Contado','COLONES',NULL,'23-08-2016','23-08-2016','FACTURADO'),(420,155,0.00,4500.00,4500.00,'Contado','COLONES',NULL,'23-08-2016','23-08-2016','FACTURADO'),(421,89,0.00,4000.00,4000.00,'Credito','COLONES',NULL,'23-08-2016','23-08-2016','FACTURADO'),(422,161,0.00,14400.00,14400.00,'Contado','COLONES',NULL,'23-08-2016','23-08-2016','FACTURADO'),(423,144,0.00,13000.00,13000.00,'Credito','COLONES',NULL,'23-08-2016','23-08-2016','FACTURADO'),(424,45,0.00,97.50,97.50,'Credito','DOLARES',NULL,'23-08-2016','22-09-2016','FACTURADO'),(425,162,0.00,24500.00,24500.00,'Contado','COLONES',NULL,'24-08-2016','24-08-2016','FACTURADO'),(426,82,0.00,70800.00,70800.00,'Credito','COLONES',NULL,'24-08-2016','24-08-2016','FACTURADO'),(427,46,0.00,61000.00,61000.00,'Credito','COLONES',NULL,'24-08-2016','23-09-2016','FACTURADO'),(428,164,0.00,36000.00,36000.00,'Contado','COLONES',NULL,'24-08-2016','24-08-2016','FACTURADO'),(429,165,0.00,16400.00,16400.00,'Contado','COLONES',NULL,'24-08-2016','24-08-2016','FACTURADO'),(430,114,0.00,15640.00,15640.00,'Contado','COLONES',NULL,'24-08-2016','24-08-2016','FACTURADO'),(431,118,0.00,3000.00,3000.00,'Contado','COLONES',NULL,'24-08-2016','24-08-2016','FACTURADO'),(432,166,0.00,8400.00,8400.00,'Contado','COLONES',NULL,'24-08-2016','24-08-2016','FACTURADO'),(433,155,0.00,2000.00,2000.00,'Contado','COLONES',NULL,'24-08-2016','24-08-2016','FACTURADO'),(434,82,0.00,19260.00,19260.00,'Credito','COLONES',NULL,'24-08-2016','24-08-2016','FACTURADO'),(435,46,0.00,31700.00,31700.00,'Credito','COLONES',NULL,'25-08-2016','25-08-2016','FACTURADO'),(436,98,0.00,30000.00,30000.00,'Contado','COLONES',NULL,'25-08-2016','25-08-2016','FACTURADO'),(437,163,0.00,104500.00,104500.00,'Contado','COLONES',NULL,'25-08-2016','25-08-2016','FACTURADO'),(438,167,0.00,10400.00,10400.00,'Contado','COLONES',NULL,'25-08-2016','25-08-2016','FACTURADO'),(439,112,0.00,18300.00,18300.00,'Credito','COLONES',NULL,'26-08-2016','25-09-2016','FACTURADO'),(440,168,0.00,26500.00,26500.00,'Contado','COLONES',NULL,'26-08-2016','26-08-2016','FACTURADO'),(441,54,0.00,980.50,980.50,'Contado','COLONES',NULL,'26-08-2016','26-08-2016','FACTURADO'),(442,78,0.00,362000.00,362000.00,'Credito','COLONES',NULL,'26-08-2016','25-09-2016','FACTURADO'),(443,169,0.00,7700.00,7700.00,'Contado','COLONES',NULL,'26-08-2016','26-08-2016','FACTURADO'),(444,45,0.00,239.00,239.00,'Credito','DOLARES',NULL,'26-08-2016','25-09-2016','FACTURADO'),(445,160,0.00,4400.00,4400.00,'Contado','COLONES',NULL,'26-08-2016','26-08-2016','ANULADA'),(446,159,0.00,10700.00,10700.00,'Contado','COLONES',NULL,'26-08-2016','26-08-2016','FACTURADO'),(449,129,0.00,201.00,201.00,'Credito','DOLARES',NULL,'30-08-2016','29-09-2016','FACTURADO'),(450,78,0.00,877200.00,877200.00,'Credito','COLONES',NULL,'30-08-2016','29-09-2016','FACTURADO'),(451,155,0.00,15800.00,15800.00,'Contado','COLONES',NULL,'30-08-2016','30-08-2016','FACTURADO'),(452,44,0.00,227000.00,227000.00,'Contado','COLONES',NULL,'30-08-2016','30-08-2016','FACTURADO'),(453,108,0.00,108400.00,108400.00,'Credito','COLONES',NULL,'30-08-2016','29-09-2016','FACTURADO'),(454,118,0.00,16000.00,16000.00,'Contado','COLONES',NULL,'30-08-2016','30-08-2016','FACTURADO'),(455,170,0.00,25500.00,25500.00,'Contado','COLONES',NULL,'30-08-2016','30-08-2016','FACTURADO'),(456,171,0.00,24500.00,24500.00,'Contado','COLONES',NULL,'30-08-2016','30-08-2016','FACTURADO'),(457,91,0.00,18000.00,18000.00,'Contado','COLONES',NULL,'01-09-2016','01-09-2016','FACTURADO'),(458,172,0.00,40350.00,40350.00,'Contado','COLONES',NULL,'30-08-2016','30-08-2016','FACTURADO'),(459,163,0.00,59300.00,59300.00,'Contado','COLONES',NULL,'31-08-2016','31-08-2016','FACTURADO'),(460,88,0.00,44300.00,44300.00,'Credito','COLONES',NULL,'31-08-2016','30-09-2016','FACTURADO'),(461,121,0.00,16400.00,16400.00,'Credito','COLONES',NULL,'31-08-2016','08-09-2016','FACTURADO'),(462,165,0.00,2700.00,2700.00,'Contado','COLONES',NULL,'31-08-2016','31-08-2016','FACTURADO'),(463,114,0.00,13000.00,13000.00,'Contado','COLONES',NULL,'31-08-2016','31-08-2016','FACTURADO'),(464,148,0.00,20700.00,20700.00,'Contado','COLONES',NULL,'31-08-2016','31-08-2016','FACTURADO'),(465,173,0.00,37900.00,37900.00,'Contado','COLONES',NULL,'31-08-2016','31-08-2016','FACTURADO'),(466,162,0.00,9400.00,9400.00,'Contado','COLONES',NULL,'31-08-2016','31-08-2016','FACTURADO'),(467,174,0.00,59500.00,59500.00,'Contado','COLONES',NULL,'31-08-2016','31-08-2016','FACTURADO'),(468,133,0.00,415000.00,415000.00,'Credito','COLONES',NULL,'31-08-2016','30-09-2016','FACTURADO'),(469,125,0.00,11800.00,11800.00,'Contado','COLONES',NULL,'31-08-2016','31-08-2016','FACTURADO'),(470,91,0.00,13200.00,13200.00,'Contado','COLONES',NULL,'01-09-2016','01-09-2016','FACTURADO'),(471,44,0.00,94700.00,94700.00,'Credito','COLONES',NULL,'01-09-2016','01-10-2016','FACTURADO'),(472,175,0.00,833000.00,833000.00,'Credito','COLONES',NULL,'01-09-2016','01-10-2016','FACTURADO'),(473,65,0.00,31100.00,31100.00,'Contado','COLONES',NULL,'01-09-2016','01-09-2016','FACTURADO'),(474,176,0.00,31100.00,31100.00,'Contado','COLONES',NULL,'01-09-2016','01-09-2016','FACTURADO'),(475,177,0.00,18800.00,18800.00,'Contado','COLONES',NULL,'01-09-2016','01-09-2016','FACTURADO'),(476,178,0.00,34700.00,34700.00,'Contado','COLONES',NULL,'01-09-2016','01-09-2016','FACTURADO'),(477,45,0.00,658.50,658.50,'Credito','DOLARES',NULL,'02-09-2016','02-10-2016','FACTURADO'),(478,112,0.00,17100.00,17100.00,'Contado','COLONES',NULL,'02-09-2016','02-09-2016','FACTURADO'),(479,112,0.00,2925.00,2925.00,'Contado','COLONES',NULL,'02-09-2016','02-09-2016','FACTURADO'),(480,179,0.00,2700.00,2700.00,'Contado','COLONES',NULL,'03-09-2016','03-09-2016','CANCELADO'),(481,170,0.00,2550.00,2550.00,'Contado','COLONES',NULL,'03-09-2016','03-09-2016','ANULADA'),(482,170,0.00,2550.00,2550.00,'Contado','COLONES',NULL,'03-09-2016','03-09-2016','CANCELADO');
/*!40000 ALTER TABLE `prefactura` ENABLE KEYS */;
UNLOCK TABLES;

--
-- Table structure for table `presentacion`
--

DROP TABLE IF EXISTS `presentacion`;
/*!40101 SET @saved_cs_client     = @@character_set_client */;
/*!40101 SET character_set_client = utf8 */;
CREATE TABLE `presentacion` (
  `id_presentacion` int(11) NOT NULL AUTO_INCREMENT,
  `descripcion` varchar(45) DEFAULT NULL,
  PRIMARY KEY (`id_presentacion`)
) ENGINE=InnoDB AUTO_INCREMENT=51 DEFAULT CHARSET=latin1;
/*!40101 SET character_set_client = @saved_cs_client */;

--
-- Dumping data for table `presentacion`
--

LOCK TABLES `presentacion` WRITE;
/*!40000 ALTER TABLE `presentacion` DISABLE KEYS */;
INSERT INTO `presentacion` VALUES (24,'400 G'),(25,'500 G'),(26,'900 G'),(27,'920 G'),(28,'1 kg'),(29,'2 kg'),(30,'4 kg'),(31,'5 kg'),(32,'15 kg'),(33,'25 kg'),(34,'45 kg'),(35,'50 kg'),(36,'1 Litro'),(37,'3.5 Lts'),(38,'3,785 Lts'),(39,'5 Lts'),(40,'10 Lts'),(41,'18 Lts'),(42,'19 Lts'),(43,'20 Lts'),(44,'125 ml'),(45,'250 ml'),(46,'500 ml'),(47,'200 lts'),(48,'Rollo'),(49,'10 g'),(50,'100 g');
/*!40000 ALTER TABLE `presentacion` ENABLE KEYS */;
UNLOCK TABLES;

--
-- Table structure for table `producto`
--

DROP TABLE IF EXISTS `producto`;
/*!40101 SET @saved_cs_client     = @@character_set_client */;
/*!40101 SET character_set_client = utf8 */;
CREATE TABLE `producto` (
  `id` int(11) NOT NULL AUTO_INCREMENT,
  `Nombre` varchar(100) CHARACTER SET utf8 COLLATE utf8_spanish_ci NOT NULL,
  `Precio` decimal(10,2) NOT NULL DEFAULT '0.00',
  `cantidadExiste` int(11) DEFAULT '0',
  `cantidadSobre` int(11) DEFAULT '0',
  PRIMARY KEY (`id`)
) ENGINE=InnoDB AUTO_INCREMENT=1352 DEFAULT CHARSET=utf8 COLLATE=utf8_spanish2_ci;
/*!40101 SET character_set_client = @saved_cs_client */;

--
-- Dumping data for table `producto`
--

LOCK TABLES `producto` WRITE;
/*!40000 ALTER TABLE `producto` DISABLE KEYS */;
INSERT INTO `producto` VALUES (1000,'InterAgro Diuron 80 SC LITRO',4800.00,9,0),(1003,'InterAgro Ametrina 50 SC GALON ',12250.00,17,0),(1006,'BROMATEL 80 WP KILO',11200.00,-17,3),(1007,'TM Paraquat 20 SL LITRO',2700.00,-5,5),(1010,'LEOPARD 10 EC LITRO',12250.00,-2,0),(1011,'InterAgro Glifosato 35.6 SL LITRO',7200.00,5,0),(1052,'STAREX 48 EC PICHINGA',89500.00,0,1),(1054,'TM Cipermetrina 25 EC DOSIS',1250.00,0,0),(1064,'PBC Malathion 4 DP 1/2 KILO',1500.00,0,0),(1069,'LAMBDA CIHALOTRINA 2.5 EC LITRO',6950.00,-6,0),(1070,'TM DIAZINON 60 EC LITRO',4550.00,-5,1),(1079,'MOLUX 6 RB',1800.00,-100,0),(1080,'Interfert Nitrato de calcio KILO',1.00,0,0),(1087,'AGRICENTER SULFATO DE ZINC',1.00,-2,5),(1089,'Interfert 12-60-0 KILO',1.00,-1,0),(1091,'Interfert 20-20-20 KILO',1.00,0,0),(1095,'Rayo Fill 15 S LITRO',1800.00,-10,1),(1099,'Humigro Aceite Agricola LITRO',1850.00,4,0),(1101,'Interfert Acido Citrico SACO',11500.00,-1,0),(1103,'Interfert NPK 12-4-7-0.2 + EM LITRO',3000.00,-3,0),(1110,'Protifert K LITRO',11200.00,-1,1),(1112,'Fosfo K Extra PICHINGA',43900.00,1,0),(1114,'SUPER MIX',1.00,-2,0),(1115,'N FIX LITRO',10000.00,-14,0),(1116,'FERTICA 10-30-10 F.Q.',1.00,-37,0),(1117,'FERTICA 12-24-12 M.F.',1.00,0,0),(1118,'FERTICA 15-15-15 F.Q.',1.00,-45,0),(1120,'FERTICA 18-5-15-6-0.2 M.F.',1.00,-7,0),(1123,'ALAMBRE DE PUA MOTTO',17200.00,1,0),(1124,'AGROMART CARBARIL 48 SC LITRO',5600.00,4,0),(1125,'KAMAG GRANULAR',18700.00,0,0),(1126,'DAC KCL GRANULAR',14000.00,0,0),(1127,'ARRAZADOR 75.7 WG KILO',6900.00,-1,2),(1128,'DAC 15-15-15 M.F.',13500.00,-6,0),(1129,'DAC NITRATO DE AMONIO',10700.00,0,0),(1130,'DAC UREA PRILADA',9500.00,-13,10),(1131,'CAFESA NITRATO DE CALCIO SACO',7800.00,-3,0),(1132,'FERTICA NITRATO DE POTASIO',18700.00,0,0),(1133,'AGRICENTER SULFATO DE MAGNESIO',4105.00,3,0),(1134,'DAC KCL SOLUBLE',6800.00,-29,0),(1136,'HERCULES 50 SC LITRO',9950.00,0,0),(1137,'FERTILIZANTE HIDROCOMPLEX',23000.00,0,0),(1138,'ABOCOL 15-15-15 F.Q.',10885.00,0,0),(1141,'YARA MILA COMPLEX',23000.00,-7,1),(1142,'NORDIC KCL SOLUBLE',5750.00,435,0),(1143,'NORDIC UREA PRILADA SACO',10600.00,41,0),(1144,'NORDIC UREA GRANULAR SACO',8500.00,0,0),(1145,'NORDIC NITRATO DE AMONIO SACO',9600.00,22,0),(1147,'FANTASMA 12.5 EC LITRO',12400.00,0,1),(1148,'DAC 18-5-15-6-0.2 M.F.',14000.00,0,0),(1149,'FORATER 10 GR SACO',23850.00,-1,1),(1150,'DAC 15-3-31 M.F.',15000.00,-1,0),(1152,'BUSAMART 31.5 EC LITRO',11500.00,-1,0),(1153,'TOLEDO PASTURA MEJORADA KILO',7500.00,0,0),(1154,'INTERFERT UREA 2K DISTRIBUIDOR',975.00,-10,3),(1155,'REENVASE 125 ML',250.00,0,0),(1156,'AUGE BORO GALON',7500.00,0,0),(1157,'AUGE ZINC GALON',7500.00,1,0),(1158,'FERTICA FERTICOMPLEX',19000.00,0,0),(1159,'NELORE 60 SL LITRO',2100.00,14,0),(1160,'INTERFERT 10-30-10 2K DISTRIBUIDOR',975.00,-514,0),(1161,'INTERFERT 15-15-15 2K DISTRIBUIDOR',975.00,-180,0),(1162,'INTERFERT 18-5-15-6-2 2K DISTRIBUIDOR',975.00,-2,0),(1164,'DAC 10-30-10  M.F.',15000.00,0,0),(1167,'FERTICA 15-3-28 F.Q.',16000.00,0,0),(1169,'Interfert NPK 12-4-7-0.2 + EM GALON',8500.00,-3,0),(1170,'MADURANTE 48 SL LITRO',5800.00,1,0),(1172,'DAC 10-30-10',13800.00,0,0),(1173,'TM DIAZINON 60 EC PICHINGA',75080.00,-2,1),(1175,'INTERFERT 18-5-15-6-0.2',19000.00,0,0),(1176,'FERTICA UREA',11050.00,0,0),(1179,'CARBOCENTER 97% SACO',2800.00,-13,8),(1180,'Interfert H COMPLEX 2K DISTRIBUIDOR',2500.00,-4,3),(1183,'Omitox 3 RB',3000.00,0,0),(1184,'AGRICENTER FRUITCOVER',26.75,0,0),(1189,'Foraxil 24 SC 5 LITROS',36600.00,-2,0),(1190,'SUNPYRIFOS 48 EC PICHINGA',76700.00,-1,0),(1191,'AGRIENTER SULFATO DE HIERRO',5235.00,15,0),(1192,'InterAgro Diuron 80 SC GALON',14200.00,0,2),(1193,'InterAgro Diuron 80 SC PICHINGA',81600.00,0,0),(1194,'InterAgro Ametrina 50 SC LITRO',3850.00,-14,1),(1195,'InterAgro Ametrina 50 SC PICHINGA ',63400.00,-9,1),(1196,'LEOPARD 10 EC 1/2 PICHINGA',111300.00,0,0),(1197,'BROMATEL 80 WP SACO',183066.00,0,0),(1198,'TM Paraquat 20 SL GALON',8200.00,-20,1),(1199,'TM Paraquat 20 SL PICHINGA',35685.00,-1,0),(1200,'GUERRERO 24 EC DOSIS',2600.00,1,0),(1201,'GUERRERO 24 EC 1/2 LITRO',4600.00,0,0),(1202,'GALLO 60 WP DOSIS',1100.00,166,0),(1203,'InterAgro Glifosato 35.6 SL GALON',7200.00,6,0),(1204,'InterAgro Glifosato 35.6 SL PICHINGA',29000.00,0,2),(1205,'CAÑAMINA 60 SL LITRO',2400.00,0,0),(1206,'CAÑAMINA 60 SL GALON',7600.00,-2,1),(1207,'CAÑAMINA 60 SL PICHINGA',39400.00,0,0),(1208,'TORAM 101 30.4 SL LITRO',4400.00,2,0),(1209,'TORAM 101 30.4 SL GALON',13800.00,2,0),(1210,'TORAM 101 30.4 SL 1/2 PICHINGA',39600.00,-2,0),(1211,'TORAM 101 30.4 SL PICHINGA',69200.00,-5,5),(1212,'HELM PROPICONAZOLE 25 EC LITRO',9450.00,0,0),(1213,'HELM PROPICONAZOLE 25 EC PICHINGA',164700.00,0,0),(1214,'LIBULAC 50 SC LITRO',4300.00,0,1),(1215,'LIBULAC 50 SC GALON',12000.00,-1,0),(1216,'LIBULAC 50 SC PICHINGA',62400.00,-1,0),(1217,'SUNOMYL 50 WP  KILO',6650.00,-27,0),(1218,'SUNOMYL 50 WP  SACO',155800.00,-3,0),(1219,'CASAGRI BENOMIL 50 WP KILO',6650.00,0,0),(1220,'CASAGRI BENOMIL 50 WP SACO',155800.00,0,0),(1221,'ARMAGEDON 80 WP KILO',4000.00,25,0),(1222,'ARMAGEDON 80 WP 5 KILOS',18200.00,-5,0),(1223,'ARMAGEDON 80 WP SACO',84200.00,-11,0),(1224,'VONDOZEB 80 WP PAQUETE',3300.00,0,0),(1225,'VONDOZEB 80 WP SACO',56000.00,0,0),(1226,'VONDOZEB 42 SC PICHINGA',48400.00,0,0),(1227,'VONDOCARB 52,2 SC LITRO',5100.00,3,0),(1228,'VONDOCARB 52,2 SC 1/2 PICHINGA',54000.00,0,0),(1229,'VONDOCARB 52,2 SC PICHINGA',101000.00,0,0),(1230,'BUSTER 72 WP DOSIS',3200.00,0,0),(1231,'BUSTER 72 WP KILO',5600.00,6,0),(1232,'CUPROFIX 50 WP KILO',7500.00,0,0),(1233,'CUPROFIX 50 WP SACO',124000.00,0,0),(1234,'RIDONATE 72 SC LITRO',5850.00,0,0),(1235,'FQ 72 SC GALON',19500.00,0,0),(1236,'FQ 72 SC PICHINGA ',75200.00,0,0),(1237,'HERCULES 50 SC GALON',46600.00,-2,0),(1238,'MIRAGE 24 EC LITRO',17600.00,9,0),(1239,'MIRAGE 24 EC PICHINGA',336600.00,0,0),(1240,'LAMBDA CIHALOTRINA 2.5 EC 5 LITROS',34350.00,-1,0),(1241,'MADURANTE 48 SL GALON',18200.00,0,1),(1242,'AGROMART CARBARIL 48 SC GALON',18000.00,-2,2),(1243,'Protifert K GALON',35500.00,-4,0),(1244,'Humigro Aceite Agricola PICHINGA',29000.00,0,1),(1245,'PBC Malathion 4 DP SACO',30000.00,0,0),(1246,'Fosfo K Extra TAMBOR',365850.00,0,0),(1247,'BUSAMART 31.5 EC GALON',36000.00,0,0),(1248,'Interfert Acido Citrico KILO',800.00,11,0),(1249,'TM DIAZINON 60 EC GALON',15250.00,-1,2),(1250,'TM Cipermetrina 25 EC 1/2 LITRO',2900.00,0,0),(1251,'TM Cipermetrina 25 EC LITRO',4500.00,0,1),(1252,'TM Cipermetrina 25 EC PICHINGA',76200.00,0,0),(1253,'TM Deltametrina 2,5 EC DOSIS',1450.00,0,2),(1254,'TM Deltametrina 2,5 EC 1/2 LITRO',4200.00,0,0),(1255,'TM Deltametrina 2,5 EC LITRO',7400.00,-1,0),(1256,'TM Deltametrina 2,5 EC PICHINGA',125000.00,0,0),(1257,'AUGE ZINC LITRO',2900.00,-2,1),(1258,'AUGE BORO LITRO',2900.00,-8,0),(1259,'AUGE ZINC - BORO LITRO',3200.00,-6,0),(1260,'AUGE HIERRO LITRO',2900.00,0,0),(1261,'GREEN PLANTS Ca-B LITRO',3400.00,12,0),(1262,'Interfert NPK 12-4-7-0.2 + EM PICHINGA',31000.00,-1,0),(1263,'AGROMSA SUPER DOLOMITA',4700.00,-7,0),(1264,'Agromart Malathion 60 EC LITRO',8000.00,0,0),(1265,'Prozeb 10 GR',10250.00,0,0),(1266,'FERTICA 15-3-31 F.Q.',13000.00,0,0),(1267,'INTERFERT 15-15-15 5K DISTRIBUIDOR',2275.00,-8,0),(1268,'INTERFERT 12-24-12 2K DISTRIBUIDOR',975.00,-3,0),(1269,'BUZIL 72 WP KILO',6600.00,-4,1),(1270,'FERTICA SULFATO DE ZINC',1.00,0,0),(1271,'ECOSULFOCAL MEZCLA 70/30 SACO',7750.00,0,0),(1272,'INTERFERT SULFATO MAGNESIO KILO',500.00,-20,0),(1273,'SUNPYRIFOS 48 EC LITRO',5000.00,0,0),(1274,'AGROPLANT CALCIO 60 CUBETA',57000.00,0,0),(1275,'RIMPIRIFOS 5GR GALON',8500.00,9,0),(1276,'DEW DROOP LITRO',35.50,0,0),(1277,'AGROMSA CALDOLOMITA',4700.00,2,0),(1278,'Rayo Fill 15 S Galón ',5400.00,0,1),(1279,'MOMBAZA PASTURA MEJORADA SACO',8500.00,0,0),(1281,'CAFESA 26-0-26 M.F.',15100.00,0,0),(1282,'Fosfo K Extra LITRO',4000.00,0,0),(1283,'SULFATO DE COBRE PENTAHIDRATADO',3000.00,0,0),(1284,'NORDIC 10-30-10 M.F.',13200.00,94,0),(1285,'NORDIC 18-5-15-6-0.2 M.F.',11800.00,-12,3),(1286,'CAL VIVA SACO',2300.00,-6,0),(1287,'paraquat',8200.00,0,0),(1288,'INTERFER 15-3-31 2K DISTRIBUIDOR',975.00,-10,0),(1289,'NORDIC 15-3-31 M.F.',12500.00,71,0),(1290,'ACIDO BORICO SACO',12900.00,0,0),(1291,'SUNPYRIFOS 48 EC TAMBOR',1210.00,0,0),(1292,'NORDIC 15-15-15 M.F.',11900.00,-1,3),(1293,'GREEN PLANTS Ca PICHINGA',38000.00,-3,0),(1294,'ECO HUM RX LITRO',6500.00,18,0),(1295,'NORDIC 12-24-12 M.F.',12900.00,46,0),(1296,'ATLANTICA SOLUCAT 10-10-40 SACO',83900.00,0,0),(1300,'INTERFERT NPK 12-4-7+EM 1/2 PICHINGA',1.00,0,0),(1301,'CAL VIVA SUELTA',1.00,-1,0),(1302,'CAL VIVA SOLSA 5K',1.00,-1,0),(1303,'RAYO FILL 15 S PICHINGA',29000.00,-1,0),(1304,'INTERAGRO DIURON 80 SC 1/2 PICHINGA',43200.00,-2,0),(1305,'INTERFERT 12-60-0 5 KG',5700.00,7,0),(1306,'INTERFERT 10-30-10 5 KG',2300.00,-12,0),(1307,'DAC NOBLE 24 WP KILO',9400.00,9,0),(1308,'TM DIAZINON 60 EC DOSIS',1100.00,14,0),(1309,'AGROMART DIAZINON 10 GR GALON',5900.00,-6,0),(1310,'INTERAGRO GLIFOSATO 35.6 SL',1.00,-2,0),(1311,'FERTICA 46-0-0 UREA',1.00,-1,0),(1312,'DAC 12-24-12 M.F.',1.00,-4,0),(1313,'AGROMART CLORPIRIFOS 5GR SACO',1.00,-6,0),(1314,'BOLSAS VIVERO 6X8',1.00,-1,0),(1315,'BOLSAS VIVERO 7X9',1.00,-1,0),(1316,'MOMBAZA PASTURA MEJORADA KILO',8500.00,0,0),(1317,'AGROMSA SUPER MIX 70/30',7750.00,6,0),(1318,'N FIX PICHINGA',120000.00,-1,0),(1319,'NOBLE 25 WP',16.00,0,0),(1321,'NORDIC NITRATO DE CALCIO',8500.00,15,0),(1322,'NORDIC MIX 70/30',7500.00,193,0),(1323,'BRISANTA PASTURA MEJORADA 5K',6950.00,4,0),(1324,'TOLEDO PASTURA MEJORADA 5 KG',8975.00,-10,0),(1326,'GUERRERO 24 EC LITRO',8700.00,-12,0),(1327,'GUANTE NITRILO BLANCO',10000.00,3,0),(1328,'GUANTE CUERO',1400.00,3,0),(1329,'GUANTE TELA CUBIERTO',1200.00,3,0),(1330,'ANTEOJOS PROTECTECCION',1500.00,8,0),(1331,'VONFIX 24 SL',21000.00,18,0),(1332,'N FIX GALON',20000.00,-2,1),(1333,'ANGULAR 1X1X1/8 6 MTS',28224.00,0,0),(1334,'PLATINA LISA 2\"',1.00,0,0),(1335,'VARILLA 3/8 LISA #3',1.00,-17,0),(1336,'VARILLA 1/4 LISA GR',1.00,-2,0),(1337,'SOLDADURA 6013 3/32',1.00,-9,0),(1338,'HOJA DE SEGUETA ATKINS',1.00,0,0),(1339,'ZINC LISO #28 0.91',1.00,-5,0),(1340,'INTERFERT NITRATO DE AMONIO DIST 2K',975.00,0,0),(1341,'ABOCOL KUMBA',15000.00,0,0),(1342,'DISCO ESMERILADORA 3\" METAL',1620.00,0,0),(1343,'INTERFER H COMPLEX 5 K',4200.00,1,0),(1344,'AZ HORMONA ANA 0.4',1300.00,1,0),(1345,'DACONATE 72 SL LITRO',8500.00,4,0),(1346,'DACONATE 72 SL GALON',24500.00,2,0),(1347,'ETHOPROP 72 EC 5L',119.50,2,0),(1348,'TM Cipermetrina 25 EC  GALON',13900.00,0,0),(1349,'DOBLE FILO 24 EC DOSIS',3200.00,20,0),(1350,'DOBLE FILO 24 EC LITRO',9800.00,10,0),(1351,'DOBLE FILO 24 EC GALON',32470.00,2,0);
/*!40000 ALTER TABLE `producto` ENABLE KEYS */;
UNLOCK TABLES;

--
-- Table structure for table `tipo_credito`
--

DROP TABLE IF EXISTS `tipo_credito`;
/*!40101 SET @saved_cs_client     = @@character_set_client */;
/*!40101 SET character_set_client = utf8 */;
CREATE TABLE `tipo_credito` (
  `id_tipo_credito` int(11) NOT NULL AUTO_INCREMENT,
  `descripcion` varchar(45) DEFAULT NULL,
  PRIMARY KEY (`id_tipo_credito`)
) ENGINE=InnoDB AUTO_INCREMENT=6 DEFAULT CHARSET=utf8;
/*!40101 SET character_set_client = @saved_cs_client */;

--
-- Dumping data for table `tipo_credito`
--

LOCK TABLES `tipo_credito` WRITE;
/*!40000 ALTER TABLE `tipo_credito` DISABLE KEYS */;
INSERT INTO `tipo_credito` VALUES (1,'DESCUENTO'),(2,'DEVOLUCIÓN'),(3,'ANULACIÓN'),(4,'PAGO'),(5,'OTRO');
/*!40000 ALTER TABLE `tipo_credito` ENABLE KEYS */;
UNLOCK TABLES;

--
-- Table structure for table `vendedor`
--

DROP TABLE IF EXISTS `vendedor`;
/*!40101 SET @saved_cs_client     = @@character_set_client */;
/*!40101 SET character_set_client = utf8 */;
CREATE TABLE `vendedor` (
  `id_vendedor` int(11) NOT NULL AUTO_INCREMENT,
  `nombre_vendedor` varchar(55) NOT NULL,
  `estado` bit(1) NOT NULL DEFAULT b'1',
  PRIMARY KEY (`id_vendedor`)
) ENGINE=InnoDB AUTO_INCREMENT=6 DEFAULT CHARSET=latin1;
/*!40101 SET character_set_client = @saved_cs_client */;

--
-- Dumping data for table `vendedor`
--

LOCK TABLES `vendedor` WRITE;
/*!40000 ALTER TABLE `vendedor` DISABLE KEYS */;
INSERT INTO `vendedor` VALUES (1,'DANIEL CASTRO',''),(2,'ELIDIER ALFARO',''),(3,'BODEGA',''),(4,'LUIS SOLANO ALVARADO',''),(5,'LUIS SOLANO ALVARADO','');
/*!40000 ALTER TABLE `vendedor` ENABLE KEYS */;
UNLOCK TABLES;
/*!40103 SET TIME_ZONE=@OLD_TIME_ZONE */;

/*!40101 SET SQL_MODE=@OLD_SQL_MODE */;
/*!40014 SET FOREIGN_KEY_CHECKS=@OLD_FOREIGN_KEY_CHECKS */;
/*!40014 SET UNIQUE_CHECKS=@OLD_UNIQUE_CHECKS */;
/*!40101 SET CHARACTER_SET_CLIENT=@OLD_CHARACTER_SET_CLIENT */;
/*!40101 SET CHARACTER_SET_RESULTS=@OLD_CHARACTER_SET_RESULTS */;
/*!40101 SET COLLATION_CONNECTION=@OLD_COLLATION_CONNECTION */;
/*!40111 SET SQL_NOTES=@OLD_SQL_NOTES */;

-- Dump completed on 2016-09-03 18:21:04
